first_name,last_name,datetime,email,gender,street_address
Nealon,Faraday,5/7/2020,nfaraday0@indiegogo.com,Female,
Ertha,,10/14/2020,,Female,12271 Orin Place
Gabriello,Morforth,11/10/2020,gmorforth2@purevolume.com,Bigender,64 Starling Crossing
Sawyer,Baggarley,9/28/2020,sbaggarley3@miibeian.gov.cn,Female,
Lilly,Standell,11/21/2020,lstandell4@scientificamerican.com,Female,22609 Bunting Alley
Zaneta,Lafrentz,4/13/2020,zlafrentz5@google.fr,Genderqueer,6081 Red Cloud Place
Twyla,Bispo,5/28/2020,tbispo6@ow.ly,Female,1 Truax Road
Irena,Steely,11/23/2020,isteely7@youtube.com,Polygender,8138 Northport Alley
Rosita,Barense,12/24/2020,rbarense8@independent.co.uk,Male,3 Dawn Court
Olva,Winsome,2/27/2020,owinsome9@yahoo.co.jp,Male,19955 Hollow Ridge Terrace
Kathe,Duchesne,4/7/2020,kduchesnea@salon.com,Genderfluid,97249 Granby Alley
Jenilee,Ganderton,1/13/2021,jgandertonb@1688.com,Female,
Arabella,Lannen,2/29/2020,alannenc@stumbleupon.com,Bigender,3 Brickson Park Center
Hilda,Mogra,11/30/2020,hmograd@slashdot.org,Non-binary,918 Susan Drive
Nappie,Olerenshaw,5/17/2020,nolerenshawe@1688.com,Bigender,2165 Valley Edge Alley
Hymie,Iacovacci,10/17/2020,hiacovaccif@apache.org,Polygender,59208 Talisman Way
Cass,Garlic,2/7/2020,cgarlicg@trellian.com,Bigender,2381 Shasta Plaza
Fey,Diboll,7/8/2020,fdibollh@diigo.com,Polygender,4144 Sugar Court
Roxane,Billion,4/13/2020,rbillioni@diigo.com,Male,
Conchita,Tatershall,6/13/2020,ctatershallj@slideshare.net,Male,48 Pearson Parkway
Hall,Gavan,6/21/2020,hgavank@google.ca,Male,43 Pine View Lane
Willard,Kilvington,11/21/2020,wkilvingtonl@kickstarter.com,Male,2 Delladonna Terrace
Kirbee,Donat,8/5/2020,kdonatm@apache.org,Agender,56770 Dwight Plaza
Rina,Stairs,1/19/2021,rstairsn@chronoengine.com,Polygender,968 Lunder Court
Maurene,Cocozza,1/6/2021,mcocozzao@wisc.edu,Female,98 Del Mar Terrace
Chrysler,Basham,11/2/2020,cbashamp@newsvine.com,Agender,2504 East Parkway
Arley,Egdal,6/26/2020,aegdalq@themeforest.net,Female,30093 Londonderry Street
Alasdair,Szymonowicz,1/19/2021,aszymonowiczr@cisco.com,Agender,52 Sutherland Street
Raynell,Salkeld,3/28/2020,rsalkelds@dyndns.org,Agender,22424 Golden Leaf Plaza
Mariann,,9/5/2020,,Polygender,5870 Erie Circle
Pren,Muslim,8/12/2020,pmuslimu@europa.eu,Genderqueer,7164 Gina Way
Rik,Szymoni,8/31/2020,rszymoniv@si.edu,Male,
Letty,Ames,4/13/2020,lamesw@geocities.jp,Male,
Germaine,Hamer,1/27/2021,ghamerx@cdbaby.com,Bigender,1533 Summer Ridge Center
Nance,Pottle,11/5/2020,npottley@wunderground.com,Genderqueer,37 Coleman Alley
Gardner,Van Baaren,4/10/2020,gvanbaarenz@de.vu,Genderfluid,24 Dwight Court
Torre,Davydzenko,4/8/2020,tdavydzenko10@macromedia.com,Male,0 Independence Circle
Marley,Gwinnel,10/13/2020,mgwinnel11@census.gov,Non-binary,32 Corscot Court
Ingmar,Eglinton,6/1/2020,ieglinton12@slideshare.net,Polygender,4877 Dexter Center
Emmerich,Gamett,3/1/2020,egamett13@rediff.com,Polygender,52 Upham Place
Rory,Quartley,4/16/2020,rquartley14@amazon.co.jp,Male,04693 Shopko Lane
Teriann,Foale,5/5/2020,tfoale15@networksolutions.com,Genderfluid,828 Talmadge Place
Alvis,Polack,5/17/2020,apolack16@shutterfly.com,Female,
Valencia,Mapstone,9/7/2020,vmapstone17@omniture.com,Agender,
Waldo,Frowde,9/7/2020,wfrowde18@cyberchimps.com,Female,22 South Junction
Bertine,Tirte,10/15/2020,btirte19@nsw.gov.au,Polygender,364 Tomscot Road
Olav,,10/30/2020,,Non-binary,54 Main Plaza
Dionis,Klamman,8/23/2020,dklamman1b@dyndns.org,Polygender,62 Rowland Terrace
Haven,Dayment,6/17/2020,hdayment1c@prweb.com,Female,9980 Springs Lane
Daniella,Flooks,10/6/2020,dflooks1d@vistaprint.com,Bigender,3258 Susan Terrace
Siffre,Jewsbury,11/15/2020,sjewsbury1e@rediff.com,Genderqueer,94 Lerdahl Plaza
Menard,Caff,8/18/2020,mcaff1f@wp.com,Genderqueer,60 Vahlen Trail
Lizette,Rose,12/12/2020,lrose1g@sakura.ne.jp,Polygender,75535 Anthes Terrace
Gabriel,Kennefick,11/30/2020,gkennefick1h@friendfeed.com,Female,28236 Welch Way
Porty,Cregeen,12/21/2020,pcregeen1i@bigcartel.com,Genderqueer,588 Mesta Avenue
Alli,Stickney,11/12/2020,astickney1j@freewebs.com,Polygender,52 Anhalt Avenue
Zonnya,Jorck,4/29/2020,zjorck1k@purevolume.com,Male,9 Springs Terrace
Hubert,Pring,2/3/2020,hpring1l@cornell.edu,Polygender,0 Arizona Park
Lyman,Dalinder,12/26/2020,ldalinder1m@list-manage.com,Genderqueer,37 Roth Court
Ginger,Camin,6/24/2020,gcamin1n@uol.com.br,Female,64 Briar Crest Lane
Kimmi,Bridat,3/28/2020,kbridat1o@businessinsider.com,Genderqueer,463 Spaight Hill
Aveline,Lease,10/6/2020,alease1p@gov.uk,Male,9841 8th Junction
Torrin,Lingner,1/8/2021,tlingner1q@cdc.gov,Agender,6 Stone Corner Terrace
Walton,Playford,10/13/2020,wplayford1r@a8.net,Agender,
Isa,Olesen,10/28/2020,iolesen1s@blogspot.com,Male,
Koenraad,Gell,9/12/2020,kgell1t@feedburner.com,Male,
Davy,Coopland,6/2/2020,dcoopland1u@irs.gov,Female,
Janet,Teasdale,12/8/2020,jteasdale1v@example.com,Polygender,00706 Moulton Pass
Rafi,Wrefford,8/30/2020,rwrefford1w@foxnews.com,Bigender,34 Michigan Court
Jonathan,Goldingay,4/17/2020,jgoldingay1x@meetup.com,Agender,8 Weeping Birch Terrace
Doe,Croll,2/18/2020,dcroll1y@irs.gov,Agender,012 Marcy Place
Hazel,Dawtrey,5/12/2020,hdawtrey1z@fc2.com,Genderqueer,37927 Coleman Road
Ware,Trodler,6/23/2020,wtrodler20@wikispaces.com,Non-binary,
Amabelle,Astley,6/26/2020,aastley21@springer.com,Non-binary,9686 Northport Junction
Karine,Tinghill,6/4/2020,ktinghill22@gizmodo.com,Genderqueer,66799 Scofield Way
Nessa,Eyres,2/7/2020,neyres23@utexas.edu,Agender,8835 Onsgard Pass
Therese,Scholer,6/11/2020,tscholer24@stumbleupon.com,Bigender,1 Hayes Crossing
Danya,Leuty,1/21/2021,dleuty25@flickr.com,Male,9 Buena Vista Hill
Arthur,Riccardini,4/17/2020,ariccardini26@time.com,Non-binary,12 Iowa Plaza
Burr,Batterton,10/19/2020,bbatterton27@harvard.edu,Genderqueer,
Pepe,Vasyunin,8/11/2020,pvasyunin28@zdnet.com,Female,30 Reinke Pass
Ed,Arenson,10/6/2020,earenson29@blinklist.com,Female,71057 3rd Circle
Gavrielle,Snoxell,3/3/2020,gsnoxell2a@goo.ne.jp,Polygender,5795 Jackson Drive
Gris,Webborn,8/30/2020,gwebborn2b@japanpost.jp,Non-binary,75896 Northfield Drive
Catherine,Hawkswood,12/1/2020,chawkswood2c@princeton.edu,Non-binary,
Leisha,Moreing,10/1/2020,lmoreing2d@goodreads.com,Non-binary,41 Jenna Road
Brok,Ferriday,10/22/2020,bferriday2e@instagram.com,Non-binary,48 Bay Way
Ryun,Stroband,11/29/2020,rstroband2f@slideshare.net,Genderfluid,67537 2nd Plaza
Zeke,Gatherell,9/26/2020,zgatherell2g@newsvine.com,Non-binary,35972 Hollow Ridge Center
Shalna,MacKonochie,3/18/2020,smackonochie2h@google.com.br,Female,
Ruby,Pavlovsky,8/19/2020,rpavlovsky2i@mediafire.com,Genderqueer,
Herby,Wehnerr,7/3/2020,hwehnerr2j@purevolume.com,Agender,55695 Monument Road
Marcile,Robichon,11/1/2020,mrobichon2k@hexun.com,Bigender,04373 Brentwood Place
Kania,Gilliatt,6/28/2020,kgilliatt2l@archive.org,Polygender,97315 Roth Parkway
Teddy,Duffan,4/11/2020,tduffan2m@barnesandnoble.com,Non-binary,97729 Oak Valley Crossing
Ephraim,Lunn,7/8/2020,elunn2n@free.fr,Bigender,80 Melby Court
Hakeem,Mc Andrew,7/14/2020,hmcandrew2o@mit.edu,Agender,89 Bonner Alley
Janis,Helversen,3/22/2020,jhelversen2p@nsw.gov.au,Genderqueer,9852 Stoughton Court
Milty,Langsbury,7/12/2020,mlangsbury2q@vimeo.com,Polygender,0 Schlimgen Street
Ludovico,Longfut,12/23/2020,llongfut2r@ehow.com,Polygender,
Emerson,Gaddie,3/21/2020,egaddie2s@yellowpages.com,Agender,26 Vahlen Center
Mara,,11/22/2020,,Non-binary,9760 Grasskamp Street
Buiron,Speck,11/17/2020,bspeck2u@wikispaces.com,Genderfluid,17682 Division Lane
Kelvin,de Guerre,11/15/2020,kdeguerre2v@bluehost.com,Male,71540 Lyons Center
Danna,Hebron,5/20/2020,dhebron2w@berkeley.edu,Male,75692 Debs Terrace
Tilly,Canedo,12/1/2020,tcanedo2x@google.fr,Female,1 Lindbergh Way
Eolanda,Del Castello,10/3/2020,edelcastello2y@house.gov,Genderfluid,58515 Hayes Parkway
Daren,Tomes,12/1/2020,dtomes2z@cdc.gov,Bigender,979 Gateway Alley
Sollie,McMichan,7/9/2020,smcmichan30@netvibes.com,Female,50321 Washington Pass
Jaclin,Fenn,8/31/2020,jfenn31@ted.com,Bigender,
Loreen,Stredwick,4/29/2020,lstredwick32@tmall.com,Female,
Mordecai,Ferenc,1/23/2021,mferenc33@arizona.edu,Female,936 Sullivan Alley
Wynne,Pristnor,10/19/2020,wpristnor34@drupal.org,Genderfluid,
Benedicto,Wallis,4/29/2020,bwallis35@feedburner.com,Bigender,6 Delaware Hill
Pebrook,Oakinfold,8/16/2020,poakinfold36@zdnet.com,Male,
Eolande,Gummary,7/5/2020,egummary37@cnbc.com,Genderfluid,86 Kingsford Drive
Chrysa,Kirsopp,6/2/2020,ckirsopp38@nbcnews.com,Polygender,
Simonne,Stockport,9/25/2020,sstockport39@blogs.com,Male,2015 Forster Place
Gerhardt,Livingston,2/26/2020,glivingston3a@nbcnews.com,Genderqueer,66 Prentice Street
Ingamar,Radin,8/13/2020,iradin3b@thetimes.co.uk,Female,022 Morning Place
Letisha,Crisford,6/19/2020,lcrisford3c@cnbc.com,Genderfluid,316 Pine View Terrace
Carolyn,,10/31/2020,,Agender,2 Farwell Park
Lorianna,Hurley,8/18/2020,lhurley3e@behance.net,Male,86622 Shelley Point
Noam,O' Kelleher,7/19/2020,nokelleher3f@de.vu,Agender,9999 Green Ridge Place
Burlie,Tumilty,6/2/2020,btumilty3g@arstechnica.com,Genderfluid,850 Morningstar Street
Belva,Baytrop,12/15/2020,bbaytrop3h@reference.com,Female,09 Loomis Street
Sioux,Aynsley,5/4/2020,saynsley3i@blogger.com,Genderqueer,1378 Forest Center
Lockwood,MacGahy,6/17/2020,lmacgahy3j@yellowbook.com,Non-binary,01 Lillian Avenue
Susann,Gover,6/15/2020,sgover3k@google.ca,Genderqueer,341 Kipling Place
Nora,Jira,10/7/2020,njira3l@auda.org.au,Bigender,4095 Beilfuss Point
Demetris,,3/29/2020,,Genderqueer,
Virginia,Lawlan,8/24/2020,vlawlan3n@storify.com,Genderqueer,8543 Erie Court
Antonia,Durtnel,2/7/2020,adurtnel3o@statcounter.com,Female,1 Green Ridge Alley
Shaine,Dionis,6/19/2020,sdionis3p@plala.or.jp,Polygender,
Simmonds,March,2/4/2020,smarch3q@sciencedaily.com,Genderqueer,4801 Arrowood Terrace
Robby,Kinman,11/16/2020,rkinman3r@europa.eu,Bigender,207 Stoughton Road
Rickie,Girvin,6/8/2020,rgirvin3s@unc.edu,Genderfluid,798 Mallory Plaza
Aidan,Barnwill,6/19/2020,abarnwill3t@telegraph.co.uk,Non-binary,
Raffarty,Rubes,12/20/2020,rrubes3u@bbc.co.uk,Female,7669 Oriole Center
Toby,Schelle,10/29/2020,tschelle3v@indiegogo.com,Non-binary,
Min,Jancy,9/17/2020,mjancy3w@constantcontact.com,Bigender,
Cherida,Riddiford,6/20/2020,criddiford3x@blogtalkradio.com,Male,3 Forest Dale Way
Max,Nelson,3/13/2020,mnelson3y@drupal.org,Polygender,1741 Mallory Way
Sofie,Silburn,3/24/2020,ssilburn3z@marriott.com,Male,57535 Alpine Avenue
Ulysses,Bohden,11/15/2020,ubohden40@adobe.com,Polygender,173 Eliot Way
Grove,Gawthrope,7/10/2020,ggawthrope41@ox.ac.uk,Agender,
Charlton,Martins,4/28/2020,cmartins42@loc.gov,Agender,
Albertine,,2/13/2020,,Genderqueer,66 Fordem Pass
Adaline,Deakin,10/15/2020,adeakin44@gnu.org,Bigender,9 Dexter Hill
Ernestine,,2/9/2020,,Non-binary,337 Ridge Oak Junction
Angelita,Josselson,4/24/2020,ajosselson46@multiply.com,Polygender,840 Northview Street
Vevay,Sexti,11/8/2020,vsexti47@webeden.co.uk,Polygender,4438 Troy Trail
Erek,Farriar,6/27/2020,efarriar48@blogspot.com,Genderqueer,455 Lakeland Crossing
Sharla,Filyukov,5/26/2020,sfilyukov49@nymag.com,Polygender,94 Eastwood Park
Alleen,Staniland,11/22/2020,astaniland4a@sciencedaily.com,Agender,
Ardella,Scholey,1/6/2021,ascholey4b@jalbum.net,Genderfluid,
Corena,Arghent,5/28/2020,carghent4c@mozilla.com,Genderqueer,105 Derek Place
Penny,Moyer,2/19/2020,pmoyer4d@ox.ac.uk,Male,765 Mallory Junction
Marti,Reding,12/16/2020,mreding4e@uol.com.br,Bigender,05 Fieldstone Place
Tallou,,7/6/2020,,Genderfluid,94006 Cordelia Plaza
Gerry,Allibon,3/22/2020,gallibon4g@icio.us,Bigender,3 2nd Crossing
Sybille,Skoof,7/27/2020,sskoof4h@t-online.de,Female,6 Thompson Park
Glynda,Crosseland,4/17/2020,gcrosseland4i@dailymotion.com,Non-binary,8290 Carey Pass
Erna,Arkill,1/30/2020,earkill4j@dell.com,Male,44 Burrows Court
Leontyne,Blaxton,2/24/2020,lblaxton4k@moonfruit.com,Female,
Ty,Bulstrode,4/3/2020,tbulstrode4l@amazon.co.jp,Bigender,26 Dennis Circle
Nola,Overton,10/19/2020,noverton4m@earthlink.net,Bigender,83095 Delladonna Drive
Thia,,12/19/2020,,Male,
Petronella,,8/10/2020,,Non-binary,3 Oakridge Road
Larisa,Aujean,3/7/2020,laujean4p@boston.com,Genderqueer,1939 Lien Road
Evonne,Coombe,3/28/2020,ecoombe4q@nytimes.com,Agender,
Symon,Blenkin,8/18/2020,sblenkin4r@delicious.com,Genderfluid,12597 School Plaza
Evania,Rochewell,4/26/2020,erochewell4s@diigo.com,Genderqueer,083 Thompson Point
Lurlene,McCool,7/22/2020,lmccool4t@bbc.co.uk,Polygender,73269 Summer Ridge Drive
Misty,O'Collopy,5/26/2020,mocollopy4u@webmd.com,Female,69548 Sloan Place
Shoshanna,Sedger,2/5/2020,ssedger4v@prlog.org,Non-binary,4809 Independence Point
Shaine,Georgeou,7/12/2020,sgeorgeou4w@google.es,Bigender,95026 Blue Bill Park Place
Kimbell,Knok,6/22/2020,kknok4x@icio.us,Male,25709 Veith Lane
Errick,Eilhermann,4/25/2020,eeilhermann4y@abc.net.au,Bigender,2 Springview Junction
Natty,Dann,7/13/2020,ndann4z@theatlantic.com,Genderfluid,52252 Straubel Junction
Catha,Haycox,1/27/2021,chaycox50@yahoo.com,Female,4022 Nobel Center
Dare,Kalvin,1/7/2021,dkalvin51@nba.com,Male,7852 Bluejay Crossing
Frasquito,Iskowitz,3/22/2020,fiskowitz52@gnu.org,Male,99 2nd Way
Igor,Le Bosse,4/28/2020,ilebosse53@hhs.gov,Agender,
Zerk,Hutchison,2/21/2020,zhutchison54@ebay.co.uk,Agender,746 Old Shore Point
Moises,Mateuszczyk,3/11/2020,mmateuszczyk55@aboutads.info,Agender,097 Meadow Vale Pass
Lotti,Verlinden,1/26/2021,lverlinden56@weather.com,Genderfluid,
Minnnie,Spitaro,9/12/2020,mspitaro57@clickbank.net,Bigender,6 Armistice Hill
Eldredge,Jailler,9/25/2020,ejailler58@sciencedirect.com,Agender,94 Westridge Street
Aimil,Kenderdine,11/15/2020,akenderdine59@example.com,Polygender,35 Stone Corner Terrace
Avrit,Pople,6/11/2020,apople5a@loc.gov,Genderqueer,0529 Almo Crossing
Esme,Botcherby,3/18/2020,ebotcherby5b@microsoft.com,Agender,79 Mallard Hill
Albert,Boundey,11/11/2020,aboundey5c@sun.com,Bigender,
Pandora,,9/7/2020,,Bigender,
Mela,Dunsire,1/29/2021,mdunsire5e@typepad.com,Genderqueer,9 Marquette Junction
Torie,Lascelles,8/16/2020,tlascelles5f@cnn.com,Agender,
Gaultiero,Geroldi,5/18/2020,ggeroldi5g@nature.com,Agender,89579 Magdeline Trail
Terrance,Biagi,9/21/2020,tbiagi5h@4shared.com,Non-binary,9 Garrison Lane
Teresita,Brownell,11/27/2020,tbrownell5i@tuttocitta.it,Genderfluid,9936 Utah Trail
Court,Cardenosa,10/6/2020,ccardenosa5j@tiny.cc,Female,8 Norway Maple Center
Micheil,Gridley,8/27/2020,mgridley5k@sitemeter.com,Genderqueer,519 Talmadge Way
Ettore,Jobe,11/7/2020,ejobe5l@pbs.org,Male,
Sheffy,De Fraine,1/19/2021,sdefraine5m@washingtonpost.com,Polygender,040 Luster Road
Norri,Elderton,6/7/2020,nelderton5n@wunderground.com,Genderfluid,9497 Buhler Point
Corilla,Dafydd,9/23/2020,cdafydd5o@omniture.com,Bigender,2938 Lillian Trail
Linn,Habergham,1/14/2021,lhabergham5p@blogger.com,Genderqueer,9925 North Way
Anestassia,Oldis,2/21/2020,aoldis5q@google.pl,Genderqueer,1458 Brown Center
Winne,McEnteggart,7/31/2020,wmcenteggart5r@merriam-webster.com,Agender,4142 Norway Maple Way
Caritta,Raynton,11/18/2020,craynton5s@nifty.com,Agender,
Lockwood,Kentwell,4/29/2020,lkentwell5t@globo.com,Male,
Olvan,Savaage,3/18/2020,osavaage5u@so-net.ne.jp,Agender,
See,Bernadon,4/3/2020,sbernadon5v@microsoft.com,Bigender,4108 Gale Park
Willie,McMullen,1/26/2021,wmcmullen5w@tiny.cc,Genderqueer,90105 Drewry Point
Farr,Belitz,1/25/2021,fbelitz5x@addtoany.com,Polygender,24329 Monica Park
Creighton,,7/9/2020,,Agender,83 Hallows Crossing
Laura,Klementz,12/7/2020,lklementz5z@cloudflare.com,Bigender,78 Alpine Point
Letisha,Petasch,2/19/2020,lpetasch60@google.cn,Agender,
Jazmin,Lowbridge,5/31/2020,jlowbridge61@friendfeed.com,Agender,
Weider,Aysik,10/28/2020,waysik62@diigo.com,Male,
Lucius,Headey,6/10/2020,lheadey63@livejournal.com,Genderqueer,03600 Huxley Terrace
Ripley,De Brett,11/30/2020,rdebrett64@mtv.com,Agender,6 Rutledge Junction
Lars,Tufts,12/2/2020,ltufts65@unicef.org,Genderfluid,77 Bobwhite Park
Gerick,Torrent,4/1/2020,gtorrent66@bigcartel.com,Genderqueer,8207 Susan Street
Leese,Linebarger,3/14/2020,llinebarger67@jugem.jp,Genderqueer,9 Nancy Drive
Carney,,12/28/2020,,Genderqueer,3689 Bay Hill
Madelle,Sciusscietto,8/7/2020,msciusscietto69@apple.com,Genderqueer,93 Bashford Drive
Lindsey,Strickett,4/22/2020,lstrickett6a@altervista.org,Genderqueer,4382 Manitowish Plaza
Mercedes,Vannini,3/9/2020,mvannini6b@ovh.net,Genderfluid,49 Bartillon Avenue
Worthy,Pablo,10/23/2020,wpablo6c@edublogs.org,Bigender,140 Dwight Court
Fredelia,Biaggioli,2/29/2020,fbiaggioli6d@examiner.com,Genderfluid,
Ulrick,Lello,11/15/2020,ulello6e@e-recht24.de,Agender,
Clerkclaude,Lynes,7/21/2020,clynes6f@illinois.edu,Bigender,308 Grim Park
Bronson,Tingley,2/27/2020,btingley6g@dropbox.com,Polygender,
Jamil,Bails,2/25/2020,jbails6h@soundcloud.com,Polygender,096 Myrtle Way
Puff,Inkles,8/14/2020,pinkles6i@icio.us,Non-binary,899 Hudson Court
Cherida,Eeles,5/14/2020,ceeles6j@sfgate.com,Non-binary,633 Upham Parkway
Avigdor,Ibbotson,3/20/2020,aibbotson6k@comsenz.com,Non-binary,773 Duke Plaza
Karrah,Dictus,3/18/2020,kdictus6l@miitbeian.gov.cn,Male,
Klarrisa,Ruegg,5/14/2020,kruegg6m@chronoengine.com,Polygender,
Kippy,Castlake,9/19/2020,kcastlake6n@twitter.com,Agender,
Rosy,Basnett,6/23/2020,rbasnett6o@umn.edu,Male,
Hyacinth,Aizic,3/12/2020,haizic6p@latimes.com,Bigender,312 Manufacturers Trail
Cece,Gurden,1/9/2021,cgurden6q@seattletimes.com,Bigender,001 Kedzie Lane
Sim,Wyld,7/6/2020,swyld6r@aol.com,Female,3146 New Castle Trail
Yorker,Bilbee,8/13/2020,ybilbee6s@fc2.com,Polygender,3 Sachs Junction
Sebastien,Lies,8/17/2020,slies6t@ask.com,Genderfluid,60294 Meadow Vale Center
Cy,Pender,9/29/2020,cpender6u@mac.com,Genderqueer,
Darcy,Prott,2/23/2020,dprott6v@bravesites.com,Polygender,
Benedicto,Gonzalez,11/23/2020,bgonzalez6w@simplemachines.org,Female,
Percy,Ostridge,5/5/2020,postridge6x@hhs.gov,Genderqueer,58 Lien Junction
Leonie,Raulston,7/12/2020,lraulston6y@over-blog.com,Genderfluid,2 Donald Court
Ricki,Blondelle,7/20/2020,rblondelle6z@vistaprint.com,Genderqueer,417 Debra Court
Frankie,Fullagar,9/23/2020,ffullagar70@sakura.ne.jp,Agender,956 Hintze Circle
Euphemia,Rotge,8/8/2020,erotge71@netvibes.com,Genderfluid,050 Springview Lane
Guinevere,McKinley,8/31/2020,gmckinley72@amazon.de,Agender,09971 Sachtjen Crossing
Roley,Davidson,11/1/2020,rdavidson73@github.com,Genderfluid,4015 Morningstar Hill
Aloin,Youles,12/31/2020,ayoules74@drupal.org,Male,
Juliane,Lorraway,4/20/2020,jlorraway75@redcross.org,Polygender,
Taylor,Algate,3/10/2020,talgate76@dailymail.co.uk,Genderfluid,85760 Buena Vista Center
Enid,Tufts,6/17/2020,etufts77@webeden.co.uk,Non-binary,3 Kropf Point
Reidar,,10/21/2020,,Genderqueer,
Filmore,Mixture,10/15/2020,fmixture79@dyndns.org,Agender,5720 Rowland Way
Corina,Manhood,4/28/2020,cmanhood7a@sourceforge.net,Female,
Celestyn,Nickless,7/27/2020,cnickless7b@businesswire.com,Polygender,40 Pawling Crossing
Delilah,Schoffel,10/30/2020,dschoffel7c@archive.org,Polygender,0 Vahlen Drive
Heinrik,Wightman,6/20/2020,hwightman7d@liveinternet.ru,Male,687 Browning Park
Guntar,Blondel,5/6/2020,gblondel7e@yellowbook.com,Genderqueer,819 Mitchell Circle
Elysha,Porson,6/12/2020,eporson7f@imdb.com,Male,75546 Bobwhite Junction
Karalynn,Humbie,11/29/2020,khumbie7g@oakley.com,Bigender,46 Manitowish Lane
Allina,Ivory,4/10/2020,aivory7h@soundcloud.com,Female,02963 Novick Road
Eleonora,Haukey,10/7/2020,ehaukey7i@utexas.edu,Genderfluid,46030 Roxbury Alley
Riki,Tilt,6/16/2020,rtilt7j@infoseek.co.jp,Male,8 Bartelt Terrace
Carson,Napleton,9/22/2020,cnapleton7k@clickbank.net,Female,09 Warner Road
Marys,,11/6/2020,,Genderfluid,
Brian,Greenshiels,6/29/2020,bgreenshiels7m@over-blog.com,Agender,43005 Briar Crest Park
Kristo,Brunstan,3/24/2020,kbrunstan7n@discuz.net,Male,3 Duke Crossing
Brunhilde,Kellaway,11/13/2020,bkellaway7o@paypal.com,Non-binary,17 Sommers Court
Tristam,,2/5/2020,,Male,
Merilyn,Strewthers,5/22/2020,mstrewthers7q@purevolume.com,Male,10031 Bonner Drive
Farleigh,Pezey,2/23/2020,fpezey7r@simplemachines.org,Agender,5834 Basil Lane
Tatiania,Syphas,11/27/2020,tsyphas7s@cam.ac.uk,Genderqueer,4 Boyd Terrace
Rebecca,Mufford,4/28/2020,rmufford7t@1und1.de,Non-binary,7 Mallard Court
Lanita,Dunnett,12/21/2020,ldunnett7u@go.com,Non-binary,50370 5th Drive
Philippa,Kidwell,7/1/2020,pkidwell7v@google.ca,Male,42 Bayside Place
Constanta,Arons,12/15/2020,carons7w@i2i.jp,Genderfluid,7 Gateway Pass
Dolores,,11/9/2020,,Agender,2 Dovetail Terrace
Dynah,Buller,2/28/2020,dbuller7y@woothemes.com,Genderqueer,8216 Harper Terrace
Alene,,4/18/2020,,Female,8 Saint Paul Court
Doralia,Stitle,3/23/2020,dstitle80@instagram.com,Polygender,23 Merchant Court
Barnabas,Abate,8/14/2020,babate81@paginegialle.it,Female,70 Maple Street
Marianna,Cyples,3/16/2020,mcyples82@mapquest.com,Genderfluid,
Ewan,Urpeth,3/23/2020,eurpeth83@statcounter.com,Genderqueer,1024 Eliot Park
Andy,MacAscaidh,10/26/2020,amacascaidh84@wordpress.org,Genderfluid,180 Mayfield Circle
Georgena,Westhofer,3/23/2020,gwesthofer85@umich.edu,Genderqueer,74 Mallory Court
Luce,Thexton,11/5/2020,lthexton86@imageshack.us,Genderqueer,0676 Anthes Park
Robinia,Stebbings,10/16/2020,rstebbings87@icq.com,Genderfluid,0 Dovetail Parkway
Yankee,Thornber,10/18/2020,ythornber88@google.ru,Polygender,4273 Oxford Court
Rodrick,Rassmann,9/1/2020,rrassmann89@nyu.edu,Bigender,53809 Bartelt Place
Saul,Carling,10/18/2020,scarling8a@wikispaces.com,Female,83025 Clove Drive
Sallie,Ellwood,4/1/2020,sellwood8b@bloglines.com,Bigender,804 Messerschmidt Terrace
Grethel,Artist,8/22/2020,gartist8c@netscape.com,Genderfluid,28 Union Drive
Lorilyn,,2/17/2020,,Female,09219 Eastlawn Place
Nicolais,Gaskill,6/1/2020,ngaskill8e@mediafire.com,Bigender,
Emalee,Dornin,8/21/2020,edornin8f@elegantthemes.com,Non-binary,0945 Mcbride Alley
Letizia,Godley,11/18/2020,lgodley8g@cdc.gov,Genderfluid,20845 Mandrake Lane
Odella,Petrosian,9/26/2020,opetrosian8h@hud.gov,Non-binary,
Hazlett,Rycroft,8/18/2020,hrycroft8i@etsy.com,Genderfluid,52313 Loftsgordon Pass
Gates,Kiffe,10/6/2020,gkiffe8j@slashdot.org,Bigender,
Sydney,McCuffie,4/11/2020,smccuffie8k@stanford.edu,Non-binary,08 Shelley Parkway
Sergei,Rossbrook,7/17/2020,srossbrook8l@wikimedia.org,Genderqueer,9 Hollow Ridge Trail
Indira,Casellas,11/18/2020,icasellas8m@bigcartel.com,Male,3408 Amoth Trail
Celestyna,Hargie,3/5/2020,chargie8n@flavors.me,Female,
Audra,Trett,7/16/2020,atrett8o@rediff.com,Agender,45 Graedel Circle
Slade,Khoter,4/17/2020,skhoter8p@berkeley.edu,Bigender,9 Armistice Trail
Minette,Vuitte,9/16/2020,mvuitte8q@hubpages.com,Male,63 Johnson Center
Rudie,Iacopini,10/26/2020,riacopini8r@examiner.com,Bigender,6037 Hoepker Crossing
Louis,Oglethorpe,2/24/2020,loglethorpe8s@discovery.com,Non-binary,8784 Brentwood Hill
Philipa,Coate,7/25/2020,pcoate8t@pen.io,Non-binary,
Maridel,O' Finan,6/25/2020,mofinan8u@ft.com,Agender,1415 Sugar Trail
Latrena,Herrieven,1/25/2021,lherrieven8v@gizmodo.com,Non-binary,4230 Oneill Point
Shawna,Richemond,5/23/2020,srichemond8w@guardian.co.uk,Polygender,13845 Anhalt Pass
Dallas,Littrik,1/25/2021,dlittrik8x@ameblo.jp,Non-binary,42931 Bay Alley
Malena,,8/28/2020,,Genderfluid,78300 Sauthoff Alley
Bogey,Joyes,7/22/2020,bjoyes8z@google.es,Female,9 Union Court
Muffin,Dobrovolski,9/6/2020,mdobrovolski90@mapy.cz,Agender,9131 Moulton Point
Ganny,Jiracek,3/28/2020,gjiracek91@msn.com,Genderqueer,17 Stone Corner Avenue
Merrie,Brodway,2/20/2020,mbrodway92@usgs.gov,Genderqueer,
Clarance,Mordie,11/5/2020,cmordie93@w3.org,Genderqueer,6 Lillian Place
Forbes,Lebourn,6/12/2020,flebourn94@hatena.ne.jp,Male,5811 Sommers Way
Betteanne,Elgram,6/5/2020,belgram95@wsj.com,Bigender,038 Ruskin Pass
Donella,Greedyer,9/28/2020,dgreedyer96@cloudflare.com,Genderfluid,9 Fuller Avenue
Balduin,Rollitt,7/6/2020,brollitt97@sciencedaily.com,Agender,92 Ronald Regan Park
Meta,Humes,7/8/2020,mhumes98@odnoklassniki.ru,Genderfluid,608 Hauk Terrace
Atalanta,Currom,9/28/2020,acurrom99@biblegateway.com,Genderqueer,309 Lillian Drive
Locke,Venneur,10/13/2020,lvenneur9a@kickstarter.com,Genderfluid,81442 Quincy Junction
Malvina,Treversh,9/30/2020,mtreversh9b@google.co.jp,Male,
Connie,Stiff,7/29/2020,cstiff9c@apache.org,Non-binary,67499 Hayes Way
Rorie,Mote,5/20/2020,rmote9d@berkeley.edu,Polygender,185 Pleasure Street
Cathy,Rangeley,5/12/2020,crangeley9e@abc.net.au,Agender,
Andrew,Slack,5/8/2020,aslack9f@indiatimes.com,Male,7790 Continental Place
Cello,Feron,1/20/2021,cferon9g@bluehost.com,Female,
Merwyn,Bausor,1/29/2021,mbausor9h@blinklist.com,Agender,1 American Circle
Mari,,3/1/2020,,Non-binary,1 Old Gate Trail
Filip,Aylin,4/2/2020,faylin9j@yellowpages.com,Female,97 Declaration Plaza
Chase,Joysey,1/4/2021,cjoysey9k@wikia.com,Genderfluid,462 Eastwood Street
Francene,Rowan,8/30/2020,frowan9l@eepurl.com,Female,1 Cottonwood Parkway
Sabina,Parrington,10/30/2020,sparrington9m@squarespace.com,Genderfluid,
Helen,Hanstock,12/21/2020,hhanstock9n@nationalgeographic.com,Female,
Allan,Mayston,11/24/2020,amayston9o@patch.com,Genderfluid,8559 Menomonie Parkway
Wallie,Lowth,6/15/2020,wlowth9p@google.com.hk,Genderfluid,30 Loeprich Center
Ivie,Gibbard,1/29/2021,igibbard9q@devhub.com,Non-binary,3 Michigan Lane
Lawton,Meckiff,8/24/2020,lmeckiff9r@ihg.com,Male,6 Loeprich Junction
Raquel,Shailer,11/29/2020,rshailer9s@last.fm,Female,784 Caliangt Terrace
Wesley,Siddeley,1/16/2021,wsiddeley9t@yellowbook.com,Female,06302 Straubel Place
Alfreda,Juarez,7/7/2020,ajuarez9u@indiegogo.com,Bigender,7957 Fulton Plaza
Susanne,Jarmaine,1/23/2021,sjarmaine9v@cmu.edu,Female,6107 Petterle Road
Cordelie,Craddy,12/20/2020,ccraddy9w@unblog.fr,Female,7821 Cody Lane
Cristie,Crickmore,11/27/2020,ccrickmore9x@tinyurl.com,Agender,3 Springview Court
Mitch,McBrearty,9/25/2020,mmcbrearty9y@51.la,Genderfluid,9467 Barnett Trail
Hasty,Karslake,1/12/2021,hkarslake9z@instagram.com,Male,8 Warrior Parkway
Lorens,Dochon,5/11/2020,ldochona0@instagram.com,Non-binary,
Ephraim,Dunbar,9/6/2020,edunbara1@ifeng.com,Bigender,8059 Morning Avenue
Jard,Akeherst,6/20/2020,jakehersta2@mashable.com,Bigender,76961 Kipling Pass
Brandais,Philott,3/18/2020,bphilotta3@amazon.de,Polygender,396 Boyd Court
Onfre,Parratt,8/5/2020,oparratta4@statcounter.com,Non-binary,
Robert,Tomsa,10/19/2020,rtomsaa5@mac.com,Non-binary,8 Oak Valley Way
Fredrika,Bamell,2/4/2020,fbamella6@blogspot.com,Genderqueer,3 Westend Drive
Dina,McGaugey,12/9/2020,dmcgaugeya7@wisc.edu,Female,3005 Division Trail
Flynn,Brandreth,1/28/2021,fbrandretha8@tuttocitta.it,Agender,5501 Clyde Gallagher Center
Else,Ladley,9/19/2020,eladleya9@topsy.com,Bigender,2050 Vidon Avenue
Cary,Huertas,7/12/2020,chuertasaa@joomla.org,Polygender,
Linnet,Vowell,10/4/2020,lvowellab@instagram.com,Bigender,1171 Mallory Street
Esra,Nannetti,5/8/2020,enannettiac@msn.com,Female,51071 Towne Court
Cheryl,Jerrans,7/7/2020,cjerransad@yale.edu,Genderqueer,
Bertina,Clayton,10/17/2020,bclaytonae@cdc.gov,Female,87618 Troy Hill
Elihu,Brandli,12/21/2020,ebrandliaf@cam.ac.uk,Non-binary,
Virginie,Boffey,8/5/2020,vboffeyag@angelfire.com,Bigender,
Sadella,Havis,2/26/2020,shavisah@woothemes.com,Non-binary,72 Dorton Drive
Enid,Suttill,5/17/2020,esuttillai@vistaprint.com,Genderqueer,
Rand,,4/5/2020,,Bigender,5569 Warrior Junction
Baron,Schwandermann,8/28/2020,bschwandermannak@ifeng.com,Male,6933 Pepper Wood Plaza
Gael,Carslake,7/15/2020,gcarslakeal@parallels.com,Agender,81295 Surrey Place
Demetrius,Eidelman,4/4/2020,deidelmanam@infoseek.co.jp,Agender,
Lonna,,12/26/2020,,Female,167 Hallows Hill
Adara,Calabry,12/31/2020,acalabryao@sitemeter.com,Genderfluid,321 Pond Pass
Tamma,Ploughwright,3/21/2020,tploughwrightap@cyberchimps.com,Female,9 Green Ridge Lane
Viola,Flahy,3/31/2020,vflahyaq@surveymonkey.com,Agender,8 Carioca Avenue
Christiano,Stanlike,5/20/2020,cstanlikear@hexun.com,Genderfluid,1 Fisk Trail
Romeo,Wein,6/6/2020,rweinas@meetup.com,Male,
Sarge,Pisculli,2/18/2020,spisculliat@ow.ly,Genderfluid,29 Graedel Pass
Earle,Mehaffey,9/3/2020,emehaffeyau@domainmarket.com,Female,32 Becker Avenue
Blithe,Cockerton,7/31/2020,bcockertonav@usda.gov,Female,265 Huxley Hill
Kirsteni,,4/20/2020,,Genderfluid,85706 Bartelt Way
Shawn,Laborde,3/27/2020,slabordeax@sciencedirect.com,Male,
Iain,Espinet,6/16/2020,iespinetay@rambler.ru,Bigender,8 Autumn Leaf Trail
Lyell,Arondel,3/20/2020,larondelaz@xrea.com,Bigender,
Goldina,Kainz,11/10/2020,gkainzb0@google.co.jp,Female,79 Buell Street
Roderick,Newlove,2/19/2020,rnewloveb1@vimeo.com,Female,72 Bowman Circle
Giulietta,Harries,3/31/2020,gharriesb2@barnesandnoble.com,Male,4569 Blaine Street
Tuck,Thyer,11/10/2020,tthyerb3@furl.net,Genderfluid,90 Main Point
Schuyler,Viveash,9/20/2020,sviveashb4@wikispaces.com,Genderqueer,9858 Jana Lane
Kendall,Durtnel,4/16/2020,kdurtnelb5@sitemeter.com,Agender,117 Utah Street
Ronnie,Ashworth,1/23/2021,rashworthb6@sun.com,Bigender,
Brigg,McDyer,5/11/2020,bmcdyerb7@businessinsider.com,Male,
Samuel,Craiker,6/14/2020,scraikerb8@nhs.uk,Non-binary,26989 Ridge Oak Circle
Lucina,Saller,8/1/2020,lsallerb9@youtube.com,Bigender,3 Charing Cross Terrace
Oswell,Vidler,1/27/2021,ovidlerba@360.cn,Bigender,1780 Marquette Terrace
Petra,Rainy,3/17/2020,prainybb@archive.org,Male,97499 Talisman Parkway
Livy,Chorlton,3/21/2020,lchorltonbc@topsy.com,Genderqueer,808 Hazelcrest Crossing
Cecilla,Postill,1/23/2021,cpostillbd@epa.gov,Female,6112 Morning Trail
Bale,Heinsh,12/10/2020,bheinshbe@addthis.com,Genderqueer,
Moises,Brisard,1/13/2021,mbrisardbf@digg.com,Polygender,7708 Oakridge Trail
Vernen,Ringrose,12/20/2020,vringrosebg@fda.gov,Bigender,7 Vernon Court
Aloise,McGrady,5/28/2020,amcgradybh@reddit.com,Female,144 Ryan Crossing
Mozelle,Coy,3/8/2020,mcoybi@bravesites.com,Bigender,
Brenn,Benza,6/24/2020,bbenzabj@amazonaws.com,Polygender,31 Tennyson Lane
Shellysheldon,Rathbone,5/11/2020,srathbonebk@bloglines.com,Genderqueer,84 Debs Parkway
Monte,McTrusty,12/26/2020,mmctrustybl@quantcast.com,Female,5977 Judy Trail
Delilah,Sampson,12/13/2020,dsampsonbm@fda.gov,Genderqueer,05534 5th Point
Bridie,Edens,1/27/2021,bedensbn@t-online.de,Non-binary,44 Nelson Junction
Letitia,Overbury,7/15/2020,loverburybo@cbslocal.com,Genderfluid,
Pia,Ojeda,1/21/2021,pojedabp@salon.com,Genderfluid,
Charley,Watson,9/29/2020,cwatsonbq@jalbum.net,Genderqueer,211 Mesta Drive
Beatriz,Corradengo,4/5/2020,bcorradengobr@shutterfly.com,Polygender,6 Kedzie Plaza
Janna,Tice,6/28/2020,jticebs@360.cn,Genderfluid,8 Memorial Park
Weider,Meadley,2/19/2020,wmeadleybt@nytimes.com,Agender,45785 Sheridan Avenue
Shurlocke,Pauncefort,11/21/2020,spauncefortbu@tiny.cc,Genderfluid,
Marylynne,Oman,12/26/2020,momanbv@ihg.com,Genderqueer,
Carleton,,11/29/2020,,Non-binary,543 Trailsway Hill
Shurlocke,Vertey,12/15/2020,sverteybx@jugem.jp,Genderfluid,50 Mosinee Drive
Hurlee,Rosenau,11/17/2020,hrosenauby@go.com,Bigender,048 Arizona Avenue
Vitia,Findlow,7/25/2020,vfindlowbz@yellowpages.com,Bigender,7 Forster Crossing
Marji,Wallicker,12/21/2020,mwallickerc0@over-blog.com,Bigender,1427 Corscot Circle
Zacherie,Chastaing,10/19/2020,zchastaingc1@aboutads.info,Female,
Janaye,Ludgate,10/14/2020,jludgatec2@bizjournals.com,Male,95 Donald Avenue
Zaccaria,Satterthwaite,7/1/2020,zsatterthwaitec3@si.edu,Male,0223 Bonner Junction
Court,Crockley,4/17/2020,ccrockleyc4@aol.com,Bigender,60875 Brickson Park Junction
Hamlen,Josh,5/12/2020,hjoshc5@unesco.org,Bigender,68 Bultman Park
Jerrilee,Ritchie,5/28/2020,jritchiec6@amazon.co.uk,Genderqueer,
Jaclin,,8/1/2020,,Genderfluid,3138 Randy Center
Carrie,Grebert,5/16/2020,cgrebertc8@artisteer.com,Female,9 Larry Plaza
Alard,Henmarsh,2/6/2020,ahenmarshc9@house.gov,Genderfluid,
Tammie,Hutchings,9/10/2020,thutchingsca@digg.com,Female,2 New Castle Hill
Liane,Pecha,1/16/2021,lpechacb@prnewswire.com,Bigender,5 Scofield Trail
Olin,Broad,5/20/2020,obroadcc@reuters.com,Bigender,32522 Reindahl Way
Cobby,Rudloff,11/26/2020,crudloffcd@wikimedia.org,Female,11851 Corry Road
Gussie,Gaspar,5/25/2020,ggasparce@msu.edu,Agender,875 Hallows Street
Cornelia,Gatheridge,2/23/2020,cgatheridgecf@marketwatch.com,Bigender,04776 Superior Point
Edsel,Dumbreck,9/23/2020,edumbreckcg@mysql.com,Bigender,367 Glendale Park
Mahmud,Poznan,2/3/2020,mpoznanch@mtv.com,Agender,21 Debs Park
Thomasine,Lattimer,1/7/2021,tlattimerci@wikia.com,Non-binary,
Patti,Edgeley,6/9/2020,pedgeleycj@globo.com,Male,3 Becker Crossing
Jenelle,O'Lenechan,10/17/2020,jolenechanck@senate.gov,Non-binary,780 Lake View Point
Fionnula,Lavielle,10/23/2020,flaviellecl@npr.org,Polygender,43056 Comanche Park
Maureen,Mecco,12/12/2020,mmeccocm@oakley.com,Genderqueer,355 Nelson Avenue
Reta,,10/28/2020,,Genderqueer,8780 Fremont Point
Dot,Chrichton,1/7/2021,dchrichtonco@comsenz.com,Male,
Graehme,Bryan,9/10/2020,gbryancp@bloomberg.com,Non-binary,2 Twin Pines Street
Kain,Bassett,9/9/2020,kbassettcq@netlog.com,Genderqueer,4455 Village Green Terrace
Donica,Guyot,7/14/2020,dguyotcr@cocolog-nifty.com,Bigender,
Galen,Gainsbury,7/19/2020,ggainsburycs@npr.org,Genderfluid,54 Hintze Point
Roosevelt,Flanner,3/25/2020,rflannerct@jiathis.com,Male,6 Namekagon Terrace
Barb,Haythorn,8/19/2020,bhaythorncu@fema.gov,Non-binary,
Lissy,Dradey,3/1/2020,ldradeycv@friendfeed.com,Polygender,9826 Summerview Plaza
Dalton,Stotherfield,5/15/2020,dstotherfieldcw@dion.ne.jp,Agender,3 Esch Lane
Christiane,Evitts,7/31/2020,cevittscx@time.com,Female,
Lanni,Ebbin,6/18/2020,lebbincy@scribd.com,Genderfluid,46572 Dawn Lane
Isa,Mattke,9/13/2020,imattkecz@apache.org,Male,96956 Arapahoe Trail
Chaunce,Anlay,1/22/2021,canlayd0@squarespace.com,Male,361 Aberg Hill
Jerrome,Nash,12/11/2020,jnashd1@jugem.jp,Male,
Cirillo,Sive,7/19/2020,csived2@ebay.co.uk,Genderqueer,050 Loftsgordon Court
Melissa,Puve,1/27/2021,mpuved3@g.co,Bigender,21216 Pierstorff Trail
Peggi,Burditt,11/14/2020,pburdittd4@ocn.ne.jp,Polygender,5 Union Court
Horton,Powell,1/10/2021,hpowelld5@github.com,Genderfluid,45387 Del Mar Drive
Brinn,Hanaby,2/6/2020,bhanabyd6@ifeng.com,Bigender,78 Pond Parkway
Shirley,Hallawell,6/1/2020,shallawelld7@reuters.com,Genderqueer,65884 Katie Way
Luca,Ringe,2/14/2020,lringed8@gnu.org,Male,
Kenton,Blankhorn,3/18/2020,kblankhornd9@wikispaces.com,Polygender,13790 Melvin Place
Neilla,Lindsey,5/3/2020,nlindseyda@mapy.cz,Non-binary,3799 Mitchell Road
Norine,Paulsson,4/13/2020,npaulssondb@baidu.com,Bigender,612 Northview Lane
Levy,Lidstone,12/21/2020,llidstonedc@freewebs.com,Male,
Erica,Baudrey,12/3/2020,ebaudreydd@sfgate.com,Bigender,46 Jenna Road
Bendick,Gregersen,9/2/2020,bgregersende@va.gov,Male,7 Meadow Vale Lane
Pegeen,Itzkovitch,5/3/2020,pitzkovitchdf@cnet.com,Polygender,
Anastassia,Ivanchin,2/12/2020,aivanchindg@yelp.com,Agender,338 Bunker Hill Terrace
Cassy,Ravenhill,10/26/2020,cravenhilldh@boston.com,Polygender,006 Ridgeview Junction
Korella,Avrahamy,3/25/2020,kavrahamydi@example.com,Genderfluid,6 Blaine Crossing
Cale,O' Cloney,3/19/2020,cocloneydj@cyberchimps.com,Female,1170 Sycamore Court
Ondrea,Burleton,1/15/2021,oburletondk@i2i.jp,Genderfluid,
Averyl,Varga,12/1/2020,avargadl@merriam-webster.com,Agender,504 Charing Cross Trail
Morgen,MacCrossan,11/3/2020,mmaccrossandm@infoseek.co.jp,Male,33 Granby Alley
Lombard,Brognot,7/21/2020,lbrognotdn@topsy.com,Male,27 Debra Lane
Byron,Szantho,7/10/2020,bszanthodo@baidu.com,Polygender,15550 Golden Leaf Avenue
Konrad,Hunnicot,8/30/2020,khunnicotdp@walmart.com,Bigender,5977 Truax Crossing
Leela,Stogill,4/21/2020,lstogilldq@gov.uk,Polygender,53088 Corben Alley
Lorrie,d' Eye,10/31/2020,ldeyedr@amazon.co.uk,Genderfluid,846 Ryan Point
Tomkin,Robker,8/3/2020,trobkerds@webs.com,Male,55 Brown Way
Josee,Plester,5/29/2020,jplesterdt@bloglovin.com,Non-binary,6870 Rusk Street
Toma,Bartlett,4/16/2020,tbartlettdu@ameblo.jp,Agender,6465 Oakridge Street
Thelma,Hackworthy,10/17/2020,thackworthydv@tinyurl.com,Female,41267 Onsgard Terrace
Jazmin,Verne,11/6/2020,jvernedw@typepad.com,Genderfluid,88714 Meadow Vale Way
Andros,Verman,11/11/2020,avermandx@umn.edu,Non-binary,
Freda,Chalfant,9/21/2020,fchalfantdy@delicious.com,Genderfluid,824 Valley Edge Lane
Nora,Crossingham,10/12/2020,ncrossinghamdz@ustream.tv,Agender,6 Merry Avenue
Arny,Corrao,10/24/2020,acorraoe0@posterous.com,Genderqueer,50665 Vahlen Alley
Pattie,Wolfers,3/3/2020,pwolferse1@bing.com,Female,
Tynan,,9/28/2020,,Bigender,
Vikky,O'Keevan,12/7/2020,vokeevane3@zdnet.com,Female,50961 Homewood Point
Horatius,Grosvener,9/20/2020,hgrosvenere4@miibeian.gov.cn,Non-binary,873 Independence Junction
Noelyn,Ennion,1/1/2021,nennione5@nature.com,Genderqueer,854 Center Court
Selena,Leneve,5/9/2020,slenevee6@yelp.com,Bigender,20748 Sommers Plaza
Bertrand,Siaskowski,1/5/2021,bsiaskowskie7@networksolutions.com,Male,
Josefa,Purchall,11/12/2020,jpurchalle8@addtoany.com,Genderfluid,24730 Northport Drive
Tiphani,Winspar,1/9/2021,twinspare9@home.pl,Polygender,8387 Utah Junction
Kennett,,12/5/2020,,Genderqueer,626 Hintze Parkway
Phillie,Pilgram,8/3/2020,ppilgrameb@nymag.com,Female,79172 Debs Place
Angeline,Mandres,7/4/2020,amandresec@bigcartel.com,Male,
Diannne,Eirwin,7/22/2020,deirwined@hibu.com,Female,29354 Kinsman Hill
Fifi,Wroath,5/28/2020,fwroathee@miitbeian.gov.cn,Genderqueer,19038 Graedel Street
Jeanie,Birtles,11/3/2020,jbirtlesef@gmpg.org,Bigender,8 Grover Parkway
Alla,Cummings,8/30/2020,acummingseg@google.ru,Female,
Tammie,Schwaiger,9/7/2020,tschwaigereh@liveinternet.ru,Polygender,37876 Stoughton Hill
Beatriz,Cicculini,1/8/2021,bcicculiniei@zimbio.com,Agender,280 Kenwood Center
Pooh,Whiskin,1/11/2021,pwhiskinej@example.com,Non-binary,59849 Jenna Point
Josey,Reeds,3/30/2020,jreedsek@uiuc.edu,Agender,24 Longview Terrace
Beryl,,7/11/2020,,Genderfluid,
Alphard,Braune,3/18/2020,abrauneem@census.gov,Female,
Vergil,McQueen,8/9/2020,vmcqueenen@ucoz.ru,Genderfluid,33622 American Ash Place
Ware,Matsell,4/3/2020,wmatselleo@ehow.com,Polygender,4 Judy Street
Bern,Carryer,12/19/2020,bcarryerep@latimes.com,Female,21842 Hudson Hill
Heindrick,Helversen,12/7/2020,hhelverseneq@yahoo.co.jp,Male,791 Summer Ridge Lane
Julio,Nicklen,11/28/2020,jnicklener@huffingtonpost.com,Female,17231 Vidon Alley
Marieann,Matuska,4/26/2020,mmatuskaes@bizjournals.com,Non-binary,01414 Sunfield Hill
Enriqueta,Prene,4/9/2020,epreneet@mayoclinic.com,Genderqueer,6 Upham Avenue
Neila,Fraine,8/3/2020,nfraineeu@issuu.com,Male,6771 Farwell Hill
Kristyn,Belli,1/18/2021,kbelliev@creativecommons.org,Polygender,8 North Trail
Eugene,Sibbet,7/6/2020,esibbetew@networkadvertising.org,Polygender,951 Petterle Park
Hamnet,Mersey,2/18/2020,hmerseyex@i2i.jp,Genderqueer,871 Michigan Court
Emile,Easom,3/17/2020,eeasomey@archive.org,Agender,01657 Haas Point
Darell,Huckerby,1/7/2021,dhuckerbyez@istockphoto.com,Female,4 Shoshone Point
Vern,Isham,10/30/2020,vishamf0@friendfeed.com,Male,737 Di Loreto Alley
Gale,Heyball,5/26/2020,gheyballf1@washingtonpost.com,Non-binary,
Jock,Mammatt,4/24/2020,jmammattf2@artisteer.com,Bigender,
Benni,Farrington,12/17/2020,bfarringtonf3@google.de,Bigender,42 Sunnyside Park
Janis,Shoreman,7/21/2020,jshoremanf4@ted.com,Non-binary,1492 Southridge Place
Joyan,Banker,7/7/2020,jbankerf5@mapquest.com,Genderqueer,48019 John Wall Circle
Brose,Storton,9/2/2020,bstortonf6@miitbeian.gov.cn,Bigender,03 Bultman Plaza
Jennie,Donovin,9/11/2020,jdonovinf7@stumbleupon.com,Agender,07 Commercial Street
Caryl,Weetch,5/24/2020,cweetchf8@usnews.com,Male,5319 Lukken Avenue
Charis,Standbrooke,7/3/2020,cstandbrookef9@zdnet.com,Agender,07 Prairie Rose Place
Lianne,Cronin,9/29/2020,lcroninfa@dedecms.com,Polygender,
Kylen,Tennick,12/17/2020,ktennickfb@reference.com,Female,87620 Eagle Crest Terrace
Janie,Pippard,2/6/2020,jpippardfc@ustream.tv,Genderqueer,62 Red Cloud Road
Minnnie,Polfer,10/1/2020,mpolferfd@altervista.org,Male,145 Vidon Drive
Samson,Lehr,2/23/2020,slehrfe@paypal.com,Genderfluid,83 Redwing Junction
Rock,Burbage,10/7/2020,rburbageff@phpbb.com,Male,788 Gale Point
Dukey,Carne,11/20/2020,dcarnefg@webnode.com,Genderqueer,377 Ronald Regan Alley
Fan,Muzzillo,12/17/2020,fmuzzillofh@seesaa.net,Non-binary,9 Dakota Plaza
Rich,Candlin,3/25/2020,rcandlinfi@xrea.com,Agender,719 Warbler Street
Daile,Sholl,7/11/2020,dshollfj@prlog.org,Agender,
Fallon,Stowgill,11/18/2020,fstowgillfk@constantcontact.com,Non-binary,98 Alpine Center
Freddi,Remer,8/15/2020,fremerfl@a8.net,Male,
Hamil,Kauschke,9/27/2020,hkauschkefm@adobe.com,Agender,185 Westend Avenue
Ros,Rayner,11/21/2020,rraynerfn@jigsy.com,Polygender,75 5th Drive
Bevin,Sherbrook,11/20/2020,bsherbrookfo@stanford.edu,Female,7 4th Court
Horton,Joriot,12/16/2020,hjoriotfp@istockphoto.com,Agender,97048 Main Plaza
Kirby,Yeardsley,12/25/2020,kyeardsleyfq@unblog.fr,Female,1915 Petterle Lane
Lannie,Grover,9/6/2020,lgroverfr@mozilla.com,Non-binary,1246 Kenwood Junction
Zacharias,D'Enrico,7/26/2020,zdenricofs@goodreads.com,Non-binary,
Ninette,Buey,9/29/2020,nbueyft@booking.com,Male,75 Messerschmidt Park
Ulrick,Goggan,12/24/2020,ugogganfu@webmd.com,Genderfluid,916 Forster Circle
Enoch,Cholonin,8/5/2020,echoloninfv@scientificamerican.com,Female,72963 Upham Road
Norman,Matteucci,3/26/2020,nmatteuccifw@surveymonkey.com,Female,9 Browning Terrace
Daisy,Stollenhof,9/17/2020,dstollenhoffx@ustream.tv,Bigender,67382 Spenser Trail
Matthias,Dansken,12/27/2020,mdanskenfy@blog.com,Female,7 Corben Park
Saba,Deely,10/28/2020,sdeelyfz@loc.gov,Bigender,0 Amoth Park
Jayme,Sink,12/27/2020,jsinkg0@parallels.com,Non-binary,9 Reinke Pass
Herschel,Adamik,8/22/2020,hadamikg1@gmpg.org,Agender,652 Pierstorff Street
Blaine,,2/27/2020,,Male,5091 Norway Maple Court
Bordy,Beston,10/18/2020,bbestong3@zimbio.com,Female,55 Monica Way
Robinetta,Hallut,4/10/2020,rhallutg4@huffingtonpost.com,Male,79310 Colorado Court
Berni,Ferriere,7/6/2020,bferriereg5@un.org,Polygender,736 Beilfuss Road
Idaline,Duckels,9/5/2020,iduckelsg6@cnbc.com,Agender,8408 Pankratz Trail
Honoria,Ridgwell,7/25/2020,hridgwellg7@google.nl,Genderfluid,871 Dennis Way
Morgana,Corradini,2/22/2020,mcorradinig8@ucsd.edu,Male,
Jackelyn,Rosenshine,12/22/2020,jrosenshineg9@vinaora.com,Polygender,
Dodi,Poxon,6/25/2020,dpoxonga@nifty.com,Polygender,4 1st Hill
Townsend,Oloman,8/4/2020,tolomangb@elpais.com,Polygender,9843 Bunker Hill Park
Constantina,Frowd,3/3/2020,cfrowdgc@youku.com,Genderqueer,2473 Towne Lane
Wally,Demcak,11/1/2020,wdemcakgd@creativecommons.org,Genderfluid,7329 Fairfield Junction
Kaia,Roycraft,2/15/2020,kroycraftge@zdnet.com,Genderfluid,27207 East Road
Dallas,Machans,4/13/2020,dmachansgf@people.com.cn,Non-binary,5 Lyons Place
Chaunce,Aubry,2/16/2020,caubrygg@posterous.com,Bigender,79855 Bunting Circle
Glennis,Langwade,6/15/2020,glangwadegh@de.vu,Non-binary,3 Basil Pass
Ranique,Tootell,9/2/2020,rtootellgi@mtv.com,Female,544 Victoria Junction
Ora,Laird,12/5/2020,olairdgj@nps.gov,Non-binary,9 Pepper Wood Park
Nealson,Milington,8/11/2020,nmilingtongk@indiegogo.com,Genderfluid,
Abeu,Gratten,9/10/2020,agrattengl@spotify.com,Non-binary,08 Summit Plaza
Sile,Cookson,2/13/2020,scooksongm@huffingtonpost.com,Genderqueer,70017 Dakota Center
Oralla,Van Daalen,6/28/2020,ovandaalengn@vkontakte.ru,Genderfluid,34491 Prairieview Street
Rhonda,Gonning,9/5/2020,rgonninggo@tumblr.com,Bigender,84488 Gateway Place
Fonz,Shoubridge,12/23/2020,fshoubridgegp@is.gd,Genderfluid,51 Birchwood Hill
Christi,Strahan,11/8/2020,cstrahangq@guardian.co.uk,Genderfluid,18971 Schurz Street
Tandy,Managh,4/21/2020,tmanaghgr@unc.edu,Polygender,29 Lukken Drive
Dorie,Dunniom,10/26/2020,ddunniomgs@businessinsider.com,Genderfluid,778 Melody Plaza
Tris,Diemer,4/26/2020,tdiemergt@arstechnica.com,Bigender,63939 Park Meadow Junction
Nollie,Bruna,3/12/2020,nbrunagu@multiply.com,Genderfluid,2179 Hagan Parkway
Padraig,Blogg,5/10/2020,pblogggv@cocolog-nifty.com,Male,3620 Bay Lane
Stefania,Lukash,5/24/2020,slukashgw@so-net.ne.jp,Agender,193 Washington Pass
Kathrine,Gronou,4/24/2020,kgronougx@oaic.gov.au,Genderqueer,332 Swallow Street
Shirl,Dundon,2/17/2020,sdundongy@vinaora.com,Female,898 High Crossing Point
Dillie,Laird,5/3/2020,dlairdgz@cbslocal.com,Genderqueer,506 Carioca Alley
Stormy,Birtwistle,5/2/2020,sbirtwistleh0@timesonline.co.uk,Polygender,0340 Anthes Trail
Rosabelle,Orneles,10/7/2020,rornelesh1@ifeng.com,Agender,273 Loeprich Street
Adriana,Rockey,7/8/2020,arockeyh2@fema.gov,Bigender,
Dave,Howen,10/17/2020,dhowenh3@reddit.com,Male,70143 Cordelia Pass
Alexia,Kingaby,11/13/2020,akingabyh4@ebay.com,Genderqueer,07 Pleasure Center
Amelina,Stuckley,3/24/2020,astuckleyh5@marketwatch.com,Polygender,
Yasmeen,Skoyles,6/13/2020,yskoylesh6@hostgator.com,Genderqueer,
Rik,Habberjam,7/15/2020,rhabberjamh7@twitpic.com,Polygender,2 Mcbride Court
Lawton,Riseam,7/4/2020,lriseamh8@virginia.edu,Non-binary,74475 Mayer Court
Demetrius,Kisar,6/1/2020,dkisarh9@simplemachines.org,Bigender,
Eldridge,,9/13/2020,,Genderqueer,
Pattie,Blumsom,8/22/2020,pblumsomhb@linkedin.com,Male,80757 Bartillon Crossing
Leontyne,Carty,12/21/2020,lcartyhc@prlog.org,Male,1 Ridge Oak Junction
Tulley,Bilbee,9/17/2020,tbilbeehd@home.pl,Bigender,0407 Riverside Pass
Nanice,Moffet,12/20/2020,nmoffethe@shinystat.com,Genderfluid,0051 Aberg Avenue
Jonas,Girke,11/5/2020,jgirkehf@wisc.edu,Non-binary,9151 Pleasure Pass
Elnora,Svanetti,7/19/2020,esvanettihg@google.com.br,Agender,52 Moose Center
Devland,Proven,11/24/2020,dprovenhh@ovh.net,Non-binary,1942 Garrison Junction
Farand,McElory,5/12/2020,fmceloryhi@goodreads.com,Polygender,
Alasdair,Edowes,8/12/2020,aedoweshj@amazon.com,Polygender,12118 Starling Plaza
Silvana,Drewery,12/10/2020,sdreweryhk@wunderground.com,Polygender,969 Pankratz Drive
Hobie,,10/3/2020,,Female,6595 Truax Plaza
Jamison,O'Keeffe,9/26/2020,jokeeffehm@studiopress.com,Female,
Jessy,Burden,2/15/2020,jburdenhn@wufoo.com,Female,9 Blackbird Way
Kirsten,Schoolfield,7/21/2020,kschoolfieldho@barnesandnoble.com,Bigender,11649 Valley Edge Place
Royce,Lochrie,10/29/2020,rlochriehp@indiegogo.com,Polygender,2586 Briar Crest Point
Maxie,Edington,4/19/2020,medingtonhq@geocities.jp,Polygender,0 Anderson Pass
Holmes,,10/4/2020,,Female,66 Derek Hill
Holly,Rizzelli,4/6/2020,hrizzellihs@go.com,Male,4 Parkside Place
Franny,Wixon,7/8/2020,fwixonht@tuttocitta.it,Bigender,77236 Main Park
Maryellen,Grishkov,1/28/2021,mgrishkovhu@issuu.com,Polygender,9 Portage Crossing
Clerissa,Mould,12/12/2020,cmouldhv@va.gov,Male,14211 Goodland Place
Carl,Waadenburg,11/4/2020,cwaadenburghw@studiopress.com,Genderqueer,
Kalie,Gault,4/12/2020,kgaulthx@shutterfly.com,Non-binary,621 Spohn Drive
Carleton,Beynkn,4/3/2020,cbeynknhy@wiley.com,Female,78 Sachtjen Street
Caryl,Kubas,11/1/2020,ckubashz@alexa.com,Non-binary,
Lotty,Goodbarne,7/30/2020,lgoodbarnei0@deviantart.com,Non-binary,049 Kedzie Crossing
Shellysheldon,Lurriman,7/25/2020,slurrimani1@blogspot.com,Non-binary,6580 Linden Way
Norby,Vassay,8/11/2020,nvassayi2@nps.gov,Male,3067 Gerald Terrace
Dorey,Smorthit,5/18/2020,dsmorthiti3@hubpages.com,Female,
Evaleen,Scrancher,1/26/2021,escrancheri4@samsung.com,Polygender,
Heriberto,Flight,8/10/2020,hflighti5@wikipedia.org,Polygender,1 Warrior Park
Welbie,Burleigh,8/31/2020,wburleighi6@themeforest.net,Genderfluid,4 Sunfield Street
Gilbert,Downes,8/7/2020,gdownesi7@princeton.edu,Polygender,6 Charing Cross Pass
Dru,Black,12/22/2020,dblacki8@ycombinator.com,Polygender,6 Northridge Park
Saidee,Marvin,11/15/2020,smarvini9@facebook.com,Genderfluid,
Betty,Mee,2/11/2020,bmeeia@amazon.co.jp,Polygender,
Abie,Danilishin,1/9/2021,adanilishinib@cbc.ca,Male,60191 Parkside Alley
Addie,Steventon,3/20/2020,asteventonic@princeton.edu,Bigender,948 Graedel Way
Gilbertina,,7/13/2020,,Genderqueer,7689 Brickson Park Trail
Joni,Franek,2/26/2020,jfranekie@pen.io,Non-binary,8 Corben Street
Pauli,Denekamp,8/17/2020,pdenekampif@t.co,Genderqueer,15 Thierer Court
Annice,Martinovsky,10/5/2020,amartinovskyig@examiner.com,Genderqueer,75 Sherman Plaza
Engracia,,4/10/2020,,Non-binary,39055 Del Mar Way
Jillayne,Chiddy,3/28/2020,jchiddyii@va.gov,Female,659 Reinke Lane
Marigold,Currao,11/5/2020,mcurraoij@wikimedia.org,Bigender,37697 Alpine Hill
Colly,Whitticks,10/12/2020,cwhitticksik@mtv.com,Genderqueer,865 Grasskamp Lane
Tucker,Willingam,2/19/2020,twillingamil@histats.com,Non-binary,4 David Lane
Ketty,Finnick,7/8/2020,kfinnickim@nydailynews.com,Non-binary,
Reese,Nafzger,11/14/2020,rnafzgerin@vk.com,Agender,88526 Truax Point
Debbie,Bezemer,9/10/2020,dbezemerio@senate.gov,Female,3 Anhalt Street
Demetri,Carless,11/5/2020,dcarlessip@acquirethisname.com,Male,00264 Montana Place
Rebecca,Maiklem,10/30/2020,rmaiklemiq@hexun.com,Genderqueer,821 Green Place
Humbert,Dowty,11/3/2020,hdowtyir@behance.net,Polygender,5 Arrowood Parkway
Lucky,Menear,4/18/2020,lmenearis@paypal.com,Non-binary,70 Starling Road
Roslyn,Blesli,6/2/2020,rblesliit@blinklist.com,Female,110 Coolidge Terrace
Gretel,Marrion,4/23/2020,gmarrioniu@google.com.au,Polygender,01 Mccormick Road
Ivory,Hopkyns,6/28/2020,ihopkynsiv@vkontakte.ru,Genderqueer,0 Swallow Place
Ingaborg,Bembrigg,1/25/2021,ibembriggiw@gov.uk,Agender,45162 Rieder Street
Farand,Dunkerk,1/28/2021,fdunkerkix@mozilla.com,Polygender,
Davita,Bau,1/26/2021,dbauiy@bigcartel.com,Non-binary,975 Northwestern Hill
Anselma,Newcombe,1/27/2021,anewcombeiz@wordpress.org,Female,2 Bonner Place
Ricki,Bottoms,6/17/2020,rbottomsj0@paypal.com,Polygender,9858 Northport Park
Kara,Drain,8/31/2020,kdrainj1@php.net,Female,5 Spohn Way
Courtney,Lanceter,1/31/2020,clanceterj2@51.la,Polygender,14 Loftsgordon Road
Sam,Edards,8/8/2020,sedardsj3@harvard.edu,Bigender,7 Melody Way
Anjanette,Conquest,2/7/2020,aconquestj4@cloudflare.com,Female,7128 Aberg Point
Jenilee,Vlahos,1/22/2021,jvlahosj5@senate.gov,Bigender,046 Paget Pass
Kendricks,Garfirth,8/25/2020,kgarfirthj6@wikispaces.com,Polygender,
Jordan,Anderer,7/12/2020,jandererj7@prweb.com,Genderqueer,09 Merry Center
Ronda,Farbrother,4/3/2020,rfarbrotherj8@hhs.gov,Polygender,65 6th Drive
Mill,Shirtliff,10/29/2020,mshirtliffj9@google.fr,Female,
Hailee,Antognozzii,1/24/2021,hantognozziija@slashdot.org,Female,78 Fairview Alley
Trescha,Hallibone,10/31/2020,thallibonejb@networkadvertising.org,Male,9930 Myrtle Avenue
Queenie,Edser,4/15/2020,qedserjc@jalbum.net,Female,152 Thierer Pass
Fonsie,Tribe,1/18/2021,ftribejd@google.com.hk,Genderfluid,24 Mccormick Point
Sheela,Powling,8/21/2020,spowlingje@epa.gov,Bigender,7 Pankratz Way
Blinny,Crossdale,5/19/2020,bcrossdalejf@whitehouse.gov,Agender,814 Drewry Junction
Elfreda,Minghella,8/17/2020,eminghellajg@walmart.com,Polygender,7244 Elmside Circle
Delaney,Elnaugh,4/1/2020,delnaughjh@bloomberg.com,Genderqueer,3836 Hagan Street
Hamilton,Spellicy,4/17/2020,hspellicyji@ezinearticles.com,Bigender,1 Stephen Center
Rustie,Goudy,3/20/2020,rgoudyjj@nyu.edu,Genderfluid,
Eduard,Valentinetti,8/18/2020,evalentinettijk@pagesperso-orange.fr,Female,6 Killdeer Circle
Meara,Morlon,10/1/2020,mmorlonjl@oaic.gov.au,Genderqueer,
Grace,Wanklyn,7/2/2020,gwanklynjm@devhub.com,Polygender,767 Sherman Park
Raymond,Kermannes,10/19/2020,rkermannesjn@npr.org,Agender,57 Roxbury Drive
Zerk,Jeannard,9/15/2020,zjeannardjo@arizona.edu,Genderqueer,3146 Reinke Alley
Dee dee,,7/28/2020,,Agender,73086 Delladonna Way
Nichole,Dudden,3/2/2020,nduddenjq@mlb.com,Agender,
Adele,Warn,2/16/2020,awarnjr@posterous.com,Agender,0 Gateway Place
Teri,Bowles,11/9/2020,tbowlesjs@wp.com,Polygender,66 Macpherson Alley
Hyacintha,Ellcock,9/18/2020,hellcockjt@photobucket.com,Polygender,71273 Golf Drive
Roselle,Deekes,11/15/2020,rdeekesju@blogspot.com,Polygender,5939 Sherman Crossing
Juieta,Cudihy,4/10/2020,jcudihyjv@feedburner.com,Agender,09 Helena Court
Jaymie,Tillman,1/31/2020,jtillmanjw@washingtonpost.com,Bigender,
Perri,Le feuvre,8/31/2020,plefeuvrejx@shop-pro.jp,Non-binary,1 Holmberg Park
Dewain,Klauer,11/13/2020,dklauerjy@va.gov,Non-binary,57043 School Avenue
Conrad,Egre,5/4/2020,cegrejz@umn.edu,Female,14856 Transport Street
Claudie,Grisard,10/27/2020,cgrisardk0@archive.org,Non-binary,21878 Montana Drive
Harlene,Pakes,5/15/2020,hpakesk1@etsy.com,Bigender,6026 Lawn Pass
Kiah,Foyster,6/10/2020,kfoysterk2@npr.org,Male,
Laurens,Shooter,12/20/2020,lshooterk3@addtoany.com,Polygender,
Rudd,Jackes,8/12/2020,rjackesk4@w3.org,Male,869 Tennyson Plaza
Hannie,Clingoe,4/29/2020,hclingoek5@nymag.com,Male,93 Esker Plaza
Mareah,McRorie,9/15/2020,mmcroriek6@stumbleupon.com,Male,27 Commercial Drive
Effie,Angless,6/29/2020,eanglessk7@cbc.ca,Male,17 Aberg Junction
Paolo,Kenlin,3/25/2020,pkenlink8@mapquest.com,Genderfluid,809 Waxwing Terrace
Godiva,Peers,7/15/2020,gpeersk9@yahoo.co.jp,Genderfluid,
Baxter,McCaughan,5/6/2020,bmccaughanka@vkontakte.ru,Female,0 8th Place
Perkin,Skeats,8/27/2020,pskeatskb@simplemachines.org,Female,93156 Utah Hill
Madelaine,Micah,9/30/2020,mmicahkc@nature.com,Polygender,6 Kenwood Way
Harriette,Figin,10/23/2020,hfiginkd@boston.com,Non-binary,179 Dexter Road
Pauly,Aspall,7/5/2020,paspallke@topsy.com,Polygender,
Broddy,,8/23/2020,,Bigender,
Marnie,Conring,8/24/2020,mconringkg@blogs.com,Polygender,
Meta,Janaszewski,3/3/2020,mjanaszewskikh@delicious.com,Female,2 Sunbrook Place
Nancie,Blunt,6/20/2020,nbluntki@sbwire.com,Bigender,86 Starling Circle
Caron,Worsell,8/27/2020,cworsellkj@desdev.cn,Bigender,9 Mccormick Avenue
Babb,Butterfield,10/12/2020,bbutterfieldkk@goo.ne.jp,Polygender,299 Novick Junction
Georgena,Nortcliffe,1/3/2021,gnortcliffekl@joomla.org,Genderqueer,38429 Saint Paul Point
Raeann,Brereton,1/30/2020,rbreretonkm@dion.ne.jp,Genderqueer,3302 Roth Crossing
Davita,MacInerney,6/20/2020,dmacinerneykn@pinterest.com,Polygender,4 Spohn Drive
Zulema,Chander,7/29/2020,zchanderko@acquirethisname.com,Genderqueer,57574 Randy Pass
Whitby,Murrhardt,1/6/2021,wmurrhardtkp@cnet.com,Non-binary,4875 Continental Avenue
Reinaldo,MacGebenay,4/20/2020,rmacgebenaykq@hatena.ne.jp,Non-binary,5161 Doe Crossing Hill
Garland,Kupec,4/17/2020,gkupeckr@cnbc.com,Male,08 Mallard Lane
Ashla,Gremain,11/1/2020,agremainks@nymag.com,Female,94795 Warrior Drive
Vince,Issacov,8/15/2020,vissacovkt@businessinsider.com,Bigender,90 Clemons Terrace
Toma,Longden,2/21/2020,tlongdenku@domainmarket.com,Genderqueer,63457 Golf View Center
Cristionna,Tal,11/14/2020,ctalkv@chronoengine.com,Female,
Konrad,Marzelo,6/28/2020,kmarzelokw@theglobeandmail.com,Female,
Rhona,Paylor,8/11/2020,rpaylorkx@themeforest.net,Agender,301 Lukken Place
Anastasie,Gawthrope,3/13/2020,agawthropeky@ucoz.com,Male,38 Delaware Drive
Janice,Bromilow,4/14/2020,jbromilowkz@wikia.com,Genderqueer,
Bridget,Verrill,10/31/2020,bverrilll0@slideshare.net,Female,348 Cambridge Lane
Dory,Valenti,7/11/2020,dvalentil1@webmd.com,Male,0 Charing Cross Court
Ania,Clemmow,3/2/2020,aclemmowl2@nba.com,Female,614 Sauthoff Pass
Patti,Reuble,1/5/2021,preublel3@odnoklassniki.ru,Genderqueer,4672 Straubel Drive
Lucky,Santoro,4/4/2020,lsantorol4@apache.org,Non-binary,4888 Paget Lane
Elsinore,Greenfield,2/4/2020,egreenfieldl5@nymag.com,Genderqueer,19 Merry Center
Elsi,Enion,8/2/2020,eenionl6@washingtonpost.com,Male,3 Sloan Center
Mel,Lutzmann,9/18/2020,mlutzmannl7@wikispaces.com,Female,
Ivor,Brickwood,2/9/2020,ibrickwoodl8@w3.org,Non-binary,523 Dryden Place
Killy,Batchelder,1/19/2021,kbatchelderl9@wunderground.com,Genderqueer,154 Longview Junction
Wright,Robelin,8/5/2020,wrobelinla@abc.net.au,Male,
Glennis,Cheal,4/15/2020,gcheallb@usnews.com,Genderfluid,45735 Green Place
Harland,,1/25/2021,,Male,23934 Calypso Point
Tanya,,9/12/2020,,Female,30 Rowland Lane
Bernie,Hachette,11/11/2020,bhachettele@nyu.edu,Male,8 Forest Run Alley
Fonsie,,6/5/2020,,Genderfluid,3 Cambridge Terrace
Maurise,Doddemeede,3/11/2020,mdoddemeedelg@shareasale.com,Female,
Giulia,Bondar,6/13/2020,gbondarlh@un.org,Polygender,
Tull,Totman,3/31/2020,ttotmanli@dell.com,Genderfluid,26 Grim Street
Conn,Haffner,5/25/2020,chaffnerlj@archive.org,Polygender,34 Springs Road
Adaline,Tomaini,4/18/2020,atomainilk@booking.com,Male,979 Shelley Court
Nelson,Meale,8/24/2020,nmealell@blogspot.com,Genderfluid,66 Londonderry Trail
Elise,Creeber,10/18/2020,ecreeberlm@admin.ch,Bigender,8166 Bobwhite Terrace
Glynis,MacAnelley,9/2/2020,gmacanelleyln@mozilla.com,Polygender,664 Anniversary Point
Giorgi,Scanderet,8/24/2020,gscanderetlo@yellowpages.com,Male,5854 Delladonna Street
Jess,Vautier,11/7/2020,jvautierlp@bloglovin.com,Genderfluid,
Henderson,Chiverton,11/22/2020,hchivertonlq@paypal.com,Bigender,8 Manitowish Alley
Mireielle,Crevagh,1/10/2021,mcrevaghlr@uiuc.edu,Agender,5732 Anhalt Way
Ida,Sawle,4/14/2020,isawlels@cloudflare.com,Female,11035 Crescent Oaks Trail
Claude,Kach,6/13/2020,ckachlt@spiegel.de,Female,7 Alpine Junction
Nert,Marran,4/25/2020,nmarranlu@prlog.org,Female,347 Dakota Street
Geoff,Stanfield,12/1/2020,gstanfieldlv@bbb.org,Genderfluid,
Lynnet,Readmire,11/8/2020,lreadmirelw@dailymotion.com,Non-binary,53150 6th Pass
Elsi,Presdee,10/5/2020,epresdeelx@weather.com,Genderfluid,577 Wayridge Trail
Louisa,Bradly,11/20/2020,lbradlyly@usgs.gov,Agender,
Cathie,Pagitt,2/6/2020,cpagittlz@cbc.ca,Non-binary,23 Scofield Avenue
Gerri,Beardall,1/9/2021,gbeardallm0@sitemeter.com,Male,
Gloriana,MacPaik,1/18/2021,gmacpaikm1@oracle.com,Genderqueer,
Harriott,Filtness,6/23/2020,hfiltnessm2@printfriendly.com,Female,7762 Mesta Plaza
Zonda,Lintin,6/21/2020,zlintinm3@cbsnews.com,Male,45 Pawling Junction
Coralyn,Blagbrough,2/14/2020,cblagbroughm4@liveinternet.ru,Genderfluid,5267 Sullivan Hill
Marcie,Lange,11/24/2020,mlangem5@youtube.com,Non-binary,561 Luster Avenue
Florina,Tomasicchio,10/23/2020,ftomasicchiom6@cafepress.com,Male,3838 Old Gate Lane
Christy,Simao,5/19/2020,csimaom7@oaic.gov.au,Genderfluid,5 Norway Maple Hill
Faith,Gregol,12/15/2020,fgregolm8@sitemeter.com,Female,58278 Merrick Way
Larine,Swindell,10/17/2020,lswindellm9@scribd.com,Non-binary,609 Packers Center
Mavis,Filipponi,1/6/2021,mfilipponima@digg.com,Agender,4427 Mallory Parkway
Verne,Tryme,1/19/2021,vtrymemb@bluehost.com,Agender,59641 Warbler Way
Dasha,Mouland,12/23/2020,dmoulandmc@army.mil,Genderqueer,88621 Memorial Road
Gaven,Costelloe,8/26/2020,gcostelloemd@webeden.co.uk,Polygender,7 Emmet Court
Mary,Pay,10/29/2020,mpayme@topsy.com,Non-binary,34 Shoshone Avenue
Rubi,Hindge,11/4/2020,rhindgemf@taobao.com,Agender,18 Thackeray Parkway
Gunar,oldey,12/1/2020,goldeymg@stumbleupon.com,Male,694 Sachs Circle
Jacky,Moine,4/13/2020,jmoinemh@xing.com,Female,96940 Anthes Parkway
Tessa,Gouge,6/19/2020,tgougemi@yolasite.com,Genderfluid,4 Golf Pass
Cicely,Jedryka,7/26/2020,cjedrykamj@wired.com,Non-binary,48277 Glacier Hill Road
Cher,Galia,7/27/2020,cgaliamk@drupal.org,Female,38539 Iowa Junction
Gladi,Bickley,2/6/2020,gbickleyml@yellowpages.com,Bigender,
Carlin,Barrick,4/26/2020,cbarrickmm@about.com,Genderqueer,
Giordano,Pilmer,2/15/2020,gpilmermn@technorati.com,Male,6 Fulton Drive
Heinrick,,10/20/2020,,Agender,168 Gateway Point
Georas,Hydes,6/8/2020,ghydesmp@last.fm,Genderfluid,9075 Cherokee Way
Angeline,Desport,5/14/2020,adesportmq@marriott.com,Non-binary,62552 Lawn Road
Inglis,Severy,10/7/2020,iseverymr@comsenz.com,Genderfluid,883 Birchwood Center
Carla,Hunt,5/11/2020,chuntms@prweb.com,Polygender,68 Charing Cross Plaza
Hamlen,Calderhead,9/1/2020,hcalderheadmt@creativecommons.org,Female,57 Dryden Street
Lazar,Roller,12/8/2020,lrollermu@icio.us,Genderfluid,01 Northview Plaza
Star,Domenici,8/26/2020,sdomenicimv@cnet.com,Genderfluid,6 Gerald Court
Aaron,Powdrell,12/19/2020,apowdrellmw@sitemeter.com,Genderqueer,76 Crescent Oaks Terrace
Burgess,Norfolk,12/16/2020,bnorfolkmx@wordpress.org,Male,8 Northridge Plaza
Shayla,Scupham,4/12/2020,sscuphammy@artisteer.com,Genderqueer,6201 Burning Wood Lane
Benedetto,Cutajar,3/17/2020,bcutajarmz@hostgator.com,Polygender,2812 Scoville Circle
Nanny,,11/5/2020,,Male,20 Blue Bill Park Avenue
Collette,Prosek,4/22/2020,cprosekn1@hao123.com,Genderqueer,175 Shelley Court
Tawsha,Pracy,10/17/2020,tpracyn2@google.com,Male,32543 Truax Way
Elianora,Grewe,11/22/2020,egrewen3@imageshack.us,Polygender,092 Mcbride Road
Gwyneth,Gasnell,7/11/2020,ggasnelln4@parallels.com,Agender,20384 Canary Park
Karna,Pletts,10/31/2020,kplettsn5@unicef.org,Male,12 Transport Junction
Annabell,Lattin,8/4/2020,alattinn6@spiegel.de,Female,0 Debra Circle
Lion,Etock,12/9/2020,letockn7@webnode.com,Agender,3591 Sachtjen Crossing
Webb,Weaver,11/4/2020,wweavern8@naver.com,Genderfluid,2516 Mifflin Way
Barrie,Bault,10/19/2020,bbaultn9@cargocollective.com,Genderqueer,53934 Dawn Court
Paige,Larratt,8/1/2020,plarrattna@smugmug.com,Bigender,74 Lunder Place
Germana,Tabor,3/4/2020,gtabornb@latimes.com,Non-binary,131 Bellgrove Avenue
Berrie,Maidlow,7/22/2020,bmaidlownc@ted.com,Genderfluid,7376 Bluejay Drive
Ainsley,,3/4/2020,,Polygender,979 Nova Lane
Rozella,Nuss,11/13/2020,rnussne@biglobe.ne.jp,Genderqueer,867 Spenser Way
Glen,Moulds,4/12/2020,gmouldsnf@redcross.org,Agender,93 Dorton Drive
Annemarie,Tidey,9/24/2020,atideyng@cisco.com,Bigender,4 Crest Line Lane
Cosimo,Merryweather,7/22/2020,cmerryweathernh@google.ru,Male,
Mariejeanne,Simioli,3/12/2020,msimiolini@imgur.com,Male,
Dick,Orkney,1/14/2021,dorkneynj@discuz.net,Non-binary,52 Bunker Hill Place
Hester,Kirckman,11/27/2020,hkirckmannk@elpais.com,Agender,35241 Springs Crossing
Caprice,Meacher,8/18/2020,cmeachernl@mail.ru,Non-binary,2332 Oxford Avenue
Glenna,Denisot,4/16/2020,gdenisotnm@rakuten.co.jp,Male,3331 Warrior Place
Aurea,Tallman,9/16/2020,atallmannn@jiathis.com,Bigender,344 Donald Drive
Phaidra,Croizier,5/16/2020,pcroizierno@ustream.tv,Genderqueer,08 Walton Terrace
Colly,Rushbrook,12/1/2020,crushbrooknp@ftc.gov,Male,
Jeana,Lossman,9/29/2020,jlossmannq@hud.gov,Genderfluid,7 Northview Hill
Corbet,Stembridge,11/24/2020,cstembridgenr@moonfruit.com,Genderfluid,2 Granby Point
Lib,Harm,7/15/2020,lharmns@springer.com,Agender,037 Hauk Parkway
Jenn,Slatten,3/13/2020,jslattennt@google.com.br,Female,348 Moulton Road
Eudora,Bendel,2/2/2020,ebendelnu@technorati.com,Genderfluid,29364 Main Circle
Jenda,Toy,10/6/2020,jtoynv@ftc.gov,Male,320 Vahlen Trail
Matthias,Garling,1/10/2021,mgarlingnw@nhs.uk,Polygender,053 Milwaukee Center
Francene,Dyet,5/12/2020,fdyetnx@hao123.com,Female,54144 Dottie Circle
Bobina,Hallgath,6/29/2020,bhallgathny@paginegialle.it,Bigender,
Nissie,Packham,11/7/2020,npackhamnz@epa.gov,Polygender,99644 Fisk Crossing
Alys,Bernardeschi,1/3/2021,abernardeschio0@histats.com,Non-binary,
Berri,Patrie,3/25/2020,bpatrieo1@tumblr.com,Polygender,7881 Westridge Parkway
Nessy,Iddins,3/8/2020,niddinso2@upenn.edu,Female,2 Superior Center
Brice,Hawkswood,12/20/2020,bhawkswoodo3@theatlantic.com,Genderqueer,4940 Russell Way
Eugenie,Gridon,12/23/2020,egridono4@comsenz.com,Genderqueer,20099 Memorial Point
Jeni,Scrigmour,3/13/2020,jscrigmouro5@networksolutions.com,Female,97 Pleasure Plaza
Titos,Layman,12/7/2020,tlaymano6@aol.com,Genderqueer,270 Derek Trail
Kakalina,Richfield,3/22/2020,krichfieldo7@slashdot.org,Genderqueer,8176 Main Park
Roxie,Westbrook,12/11/2020,rwestbrooko8@eepurl.com,Non-binary,7057 Rusk Alley
Chevy,Sarfat,5/2/2020,csarfato9@indiatimes.com,Agender,248 Clyde Gallagher Way
Berton,Tremblet,4/2/2020,btrembletoa@lycos.com,Bigender,3 Marcy Court
Leonhard,Sawle,6/10/2020,lsawleob@moonfruit.com,Genderfluid,7410 Main Center
Christian,Sorey,11/5/2020,csoreyoc@marketwatch.com,Female,2 Stuart Drive
Shanda,Brewitt,10/9/2020,sbrewittod@lycos.com,Male,680 Warner Road
Bernelle,Bowskill,6/29/2020,bbowskilloe@psu.edu,Non-binary,64 Quincy Alley
Brigham,Ching,12/12/2020,bchingof@simplemachines.org,Genderqueer,
Ray,Tinn,7/11/2020,rtinnog@hatena.ne.jp,Non-binary,84 Mccormick Drive
Ignatius,Wilmut,8/24/2020,iwilmutoh@youtube.com,Genderqueer,
Pail,Casarino,8/14/2020,pcasarinooi@printfriendly.com,Genderfluid,0170 Kennedy Center
Felisha,Trye,7/4/2020,ftryeoj@jugem.jp,Male,
Jorry,Geard,10/1/2020,jgeardok@google.co.uk,Non-binary,24 Pennsylvania Parkway
Valina,Morde,1/30/2020,vmordeol@senate.gov,Polygender,22 Dexter Place
Isabel,Newall,11/20/2020,inewallom@phpbb.com,Polygender,960 Marcy Terrace
Barri,Aspall,4/27/2020,baspallon@businessweek.com,Non-binary,
Northrop,McColley,5/26/2020,nmccolleyoo@last.fm,Non-binary,0 Evergreen Pass
Joelle,Rekes,8/15/2020,jrekesop@upenn.edu,Non-binary,8 Dryden Terrace
Thorin,Zottoli,2/24/2020,tzottolioq@narod.ru,Agender,04529 Maple Center
Kahaleel,Walliker,4/17/2020,kwallikeror@huffingtonpost.com,Genderfluid,3969 Blackbird Place
Trent,Sille,7/25/2020,tsilleos@theatlantic.com,Genderqueer,
Kamillah,McDonell,4/6/2020,kmcdonellot@com.com,Agender,
Shellie,Rumsey,1/17/2021,srumseyou@moonfruit.com,Male,0 Fordem Road
Yovonnda,Chilles,5/19/2020,ychillesov@wordpress.org,Genderfluid,27 Comanche Drive
Catherina,Veelers,10/21/2020,cveelersow@dot.gov,Bigender,779 Comanche Place
Stirling,Brindle,7/29/2020,sbrindleox@dot.gov,Genderqueer,0 Northfield Street
Allie,Rudd,12/20/2020,aruddoy@moonfruit.com,Female,19891 Graceland Circle
Tina,Linklater,10/13/2020,tlinklateroz@reuters.com,Bigender,
Forester,Angelo,11/8/2020,fangelop0@washingtonpost.com,Polygender,639 Southridge Lane
Lauri,McInility,6/26/2020,lmcinilityp1@ocn.ne.jp,Polygender,1 Shelley Hill
Kiersten,Fallow,4/6/2020,kfallowp2@narod.ru,Bigender,
Carver,Brister,5/8/2020,cbristerp3@amazon.de,Genderqueer,00634 Welch Pass
Klara,Epp,6/6/2020,keppp4@yolasite.com,Female,
Jim,Franscioni,5/6/2020,jfranscionip5@elpais.com,Genderqueer,
Gayelord,Morgan,1/29/2021,gmorganp6@wiley.com,Agender,1 Mendota Avenue
Winthrop,Murby,5/2/2020,wmurbyp7@pagesperso-orange.fr,Agender,2 Lawn Road
Lynne,Gorelli,4/28/2020,lgorellip8@psu.edu,Male,22 Schlimgen Avenue
Bellanca,Fay,10/21/2020,bfayp9@dot.gov,Polygender,9364 Hoepker Circle
Sholom,Jauncey,7/14/2020,sjaunceypa@1und1.de,Non-binary,1910 Schurz Junction
Ferrel,,2/26/2020,,Polygender,1873 Graedel Road
Darrick,Lomax,7/2/2020,dlomaxpc@ezinearticles.com,Polygender,
Ricki,Bredee,7/20/2020,rbredeepd@state.gov,Polygender,8 Kipling Court
Zahara,McPeeters,12/15/2020,zmcpeeterspe@vimeo.com,Non-binary,
Eben,Aspinal,12/29/2020,easpinalpf@addtoany.com,Genderfluid,42926 Killdeer Drive
Duky,Stopp,6/10/2020,dstopppg@tinypic.com,Genderqueer,722 Mcguire Terrace
Zacharie,Medeway,1/11/2021,zmedewayph@t.co,Agender,
Reinaldo,,5/31/2020,,Genderfluid,453 Arrowood Hill
Nannie,Simison,10/8/2020,nsimisonpj@auda.org.au,Genderfluid,4754 Forster Avenue
Ruby,McCaffery,9/18/2020,rmccafferypk@va.gov,Agender,42518 Artisan Hill
Nels,Roxburch,1/21/2021,nroxburchpl@huffingtonpost.com,Female,
Oralla,,11/12/2020,,Polygender,30280 Lerdahl Circle
Barton,De Caville,5/8/2020,bdecavillepn@prnewswire.com,Non-binary,4282 Homewood Hill
Ediva,Frankowski,5/31/2020,efrankowskipo@google.com.au,Female,17967 Butterfield Street
Corney,Perett,5/2/2020,cperettpp@uiuc.edu,Polygender,8917 Sutteridge Court
Vannie,Gleadle,7/13/2020,vgleadlepq@google.fr,Non-binary,0037 Victoria Circle
Miles,Hame,6/10/2020,mhamepr@friendfeed.com,Female,01 Myrtle Point
Cristina,Dudmarsh,5/31/2020,cdudmarshps@irs.gov,Non-binary,5 Derek Trail
Muffin,Cristofori,4/24/2020,mcristofoript@wufoo.com,Male,692 Hazelcrest Street
Tremain,Brelsford,1/24/2021,tbrelsfordpu@clickbank.net,Non-binary,04503 Jackson Way
Courtnay,Stealfox,1/10/2021,cstealfoxpv@posterous.com,Genderfluid,38595 Towne Terrace
Bendick,Winser,12/11/2020,bwinserpw@foxnews.com,Non-binary,4 Heffernan Alley
Berget,,2/15/2020,,Genderqueer,
Cheryl,Bissex,6/2/2020,cbissexpy@kickstarter.com,Polygender,
Elijah,Chaffin,11/22/2020,echaffinpz@lulu.com,Genderfluid,1 Lighthouse Bay Drive
Orren,McArdle,9/28/2020,omcardleq0@auda.org.au,Genderfluid,731 Luster Crossing
Mendy,Paling,2/22/2020,mpalingq1@marriott.com,Non-binary,
Linus,Heel,7/21/2020,lheelq2@smugmug.com,Bigender,920 Memorial Center
Wyndham,Brockton,9/8/2020,wbrocktonq3@sciencedaily.com,Polygender,83572 Jenna Plaza
Goddart,Bunnell,5/21/2020,gbunnellq4@mtv.com,Male,8 Jackson Parkway
Sinclair,Tirkin,3/27/2020,stirkinq5@redcross.org,Polygender,42 Bobwhite Terrace
Trueman,Neary,1/12/2021,tnearyq6@eepurl.com,Polygender,5595 Shopko Trail
Rebbecca,Kinrade,7/20/2020,rkinradeq7@amazon.com,Male,3 Delladonna Drive
Ewen,Yelden,8/23/2020,eyeldenq8@forbes.com,Male,48 Cottonwood Drive
Esmaria,Luberto,9/24/2020,elubertoq9@fastcompany.com,Non-binary,
Florry,Eyer,9/12/2020,feyerqa@wiley.com,Agender,0690 Washington Avenue
Chevy,Mungan,6/16/2020,cmunganqb@hhs.gov,Male,9938 Mcbride Junction
Christalle,Wiltshire,12/22/2020,cwiltshireqc@spiegel.de,Female,56 Hoard Alley
Yvette,Crockatt,5/1/2020,ycrockattqd@google.com.hk,Non-binary,819 Di Loreto Avenue
Olin,Lesly,2/14/2020,oleslyqe@addtoany.com,Genderfluid,92 4th Junction
Benoit,Dadson,7/3/2020,bdadsonqf@about.com,Agender,8217 Thompson Hill
Joete,Bonnick,1/22/2021,jbonnickqg@a8.net,Non-binary,
Fannie,Torrent,5/1/2020,ftorrentqh@usatoday.com,Polygender,
Shaina,Gammet,4/20/2020,sgammetqi@intel.com,Polygender,
Hailey,Kubecka,11/16/2020,hkubeckaqj@cloudflare.com,Male,14470 Anhalt Street
Donella,Knotton,7/14/2020,dknottonqk@ask.com,Non-binary,
Orlan,Drance,11/16/2020,odranceql@berkeley.edu,Male,
Jacynth,,9/18/2020,,Agender,17043 Donald Circle
Brandtr,Brigman,1/13/2021,bbrigmanqn@dion.ne.jp,Female,506 Warner Place
Corissa,Whitsun,7/10/2020,cwhitsunqo@devhub.com,Genderqueer,72 Bonner Junction
Vinny,Bromige,6/29/2020,vbromigeqp@blogger.com,Non-binary,87 1st Lane
Gordon,Constant,8/11/2020,gconstantqq@drupal.org,Bigender,
Bobby,Parsons,9/1/2020,bparsonsqr@symantec.com,Male,542 Clove Center
Misti,Johananoff,10/24/2020,mjohananoffqs@webmd.com,Polygender,
Malvin,Dominighi,6/9/2020,mdominighiqt@ifeng.com,Non-binary,
Natala,Penhalewick,10/5/2020,npenhalewickqu@deliciousdays.com,Non-binary,7736 Little Fleur Court
Paige,Anderer,8/31/2020,pandererqv@oakley.com,Agender,8830 Sunfield Point
Barbara-anne,Simeone,8/25/2020,bsimeoneqw@mediafire.com,Non-binary,370 Cambridge Road
Nanci,,2/23/2020,,Male,6 Reindahl Alley
Lindie,Simkin,9/11/2020,lsimkinqy@about.com,Female,95765 Gerald Way
Emlen,Bayfield,5/24/2020,ebayfieldqz@pcworld.com,Male,341 Tomscot Place
Penelope,,6/19/2020,,Genderfluid,
Leontyne,Palatino,4/5/2020,lpalatinor1@usnews.com,Female,896 Dottie Court
Cathrin,Bamsey,5/20/2020,cbamseyr2@mozilla.com,Male,
Walliw,Swabey,3/18/2020,wswabeyr3@clickbank.net,Genderfluid,6087 Gale Road
Harper,,3/10/2020,,Genderfluid,98098 American Point
Trish,Gerrill,11/7/2020,tgerrillr5@netvibes.com,Polygender,
Orran,Fraine,8/31/2020,ofrainer6@delicious.com,Male,
Ulrike,Quarrington,4/5/2020,uquarringtonr7@printfriendly.com,Agender,5 Canary Parkway
Wandie,,11/5/2020,,Genderqueer,
Jean,Konerding,11/26/2020,jkonerdingr9@addtoany.com,Agender,
Lou,Simonini,8/7/2020,lsimoninira@nhs.uk,Bigender,1 Bowman Avenue
Winona,Pierce,3/6/2020,wpiercerb@bigcartel.com,Bigender,69 Morrow Crossing
Joya,Leythley,9/3/2020,jleythleyrc@wsj.com,Agender,3663 Rigney Place
Diane-marie,Bradtke,10/14/2020,dbradtkerd@icq.com,Agender,943 Birchwood Crossing
Matthew,Vanacci,7/17/2020,mvanaccire@goodreads.com,Polygender,0857 Fair Oaks Point
Juditha,Hofer,5/1/2020,jhoferrf@wikia.com,Genderfluid,4859 Butterfield Way
Hendrick,Moxom,12/30/2020,hmoxomrg@liveinternet.ru,Bigender,308 Sutteridge Pass
Iggy,Markos,1/8/2021,imarkosrh@usgs.gov,Male,
Iggy,MacInerney,6/24/2020,imacinerneyri@ox.ac.uk,Polygender,348 Loomis Parkway
Lelah,Smithers,5/28/2020,lsmithersrj@shop-pro.jp,Genderqueer,8 Surrey Way
Carina,Doughty,9/28/2020,cdoughtyrk@hibu.com,Male,638 Green Ridge Plaza
Dara,Farlambe,2/13/2020,dfarlamberl@newsvine.com,Agender,8551 8th Trail
Aluin,Klossmann,5/16/2020,aklossmannrm@usa.gov,Bigender,710 Shopko Trail
Oliver,Tarbatt,10/17/2020,otarbattrn@facebook.com,Agender,56 Cottonwood Way
Luce,Finicj,5/16/2020,lfinicjro@list-manage.com,Bigender,81568 Comanche Trail
Eugenia,McKinlay,7/9/2020,emckinlayrp@illinois.edu,Genderqueer,3098 Anhalt Avenue
Valene,Matherson,12/8/2020,vmathersonrq@cafepress.com,Agender,6322 Sutherland Hill
Torrin,,10/28/2020,,Male,
